institution_code,name,institution_type,page
B0001H111000001,中国工商银行股份有限公司,国有大型商业银行,1
B0002H111000001,中国农业银行股份有限公司,国有大型商业银行,1
B0003H111000001,中国银行股份有限公司,国有大型商业银行,1
B0004H111000001,中国建设银行股份有限公司,国有大型商业银行,1
B0005H131000001,交通银行股份有限公司,国有大型商业银行,1
B0018H111000001,中国邮政储蓄银行股份有限公司,国有大型商业银行,1
B0006H111000001,中信银行股份有限公司,股份制商业银行,1
B0007H111000001,中国光大银行股份有限公司,股份制商业银行,2
B0011H144030001,招商银行股份有限公司,股份制商业银行,2
B0015H131000001,上海浦东发展银行股份有限公司,股份制商业银行,2
B0009H111000001,中国民生银行股份有限公司,股份制商业银行,2
B0008H111000001,华夏银行股份有限公司,股份制商业银行,2
B0014H144030001,平安银行股份有限公司,股份制商业银行,2
B0013H135010001,兴业银行股份有限公司,股份制商业银行,2
B0012H144010001,广发银行股份有限公司,股份制商业银行,2
B0017H112000001,渤海银行股份有限公司,股份制商业银行,2
B0010H133010001,浙商银行股份有限公司,股份制商业银行,2
B0016H137010001,恒丰银行股份有限公司,股份制商业银行,2
B0107H211000001,北京银行股份有限公司,城市商业银行,2
B0108H212000001,天津银行股份有限公司,城市商业银行,2
B0282H213010001,河北银行股份有限公司,城市商业银行,2
B0340H313060001,保定银行股份有限公司,城市商业银行,3
B1018H313090001,沧州银行股份有限公司,城市商业银行,3
B1021H313080001,承德银行股份有限公司,城市商业银行,3
B0331H313040001,邯郸银行股份有限公司,城市商业银行,3
B1016H313110001,衡水银行股份有限公司,城市商业银行,3
B0277H313100001,廊坊银行股份有限公司,城市商业银行,3
B0111H313030002,秦皇岛银行股份有限公司,城市商业银行,3
B1013H313020001,唐山银行股份有限公司,城市商业银行,3
B0301H313050001,邢台银行股份有限公司,城市商业银行,3
B0772H313070001,张家口银行股份有限公司,城市商业银行,3
B0116H214010001,晋商银行股份有限公司,城市商业银行,3
B1033H215010001,内蒙古银行股份有限公司,城市商业银行,3
B1067H315060001,鄂尔多斯银行股份有限公司,城市商业银行,3
B1068H315030001,乌海银行股份有限公司,城市商业银行,3
B0264H221010001,盛京银行股份有限公司,城市商业银行,4
B0127H321070001,锦州银行股份有限公司,城市商业银行,4
B0124H321030001,鞍山银行股份有限公司,城市商业银行,4
B1071H321050001,本溪银行股份有限公司,城市商业银行,4
B0330H321130001,朝阳银行股份有限公司,城市商业银行,4
B0126H321060001,丹东银行股份有限公司,城市商业银行,4
B0125H321040001,抚顺银行股份有限公司,城市商业银行,4
B0129H321090001,阜新银行股份有限公司,城市商业银行,4
B0132H321140001,葫芦岛银行股份有限公司,城市商业银行,4
B0131H321110001,盘锦银行股份有限公司,城市商业银行,4
B0267H321120001,铁岭银行股份有限公司,城市商业银行,4
B0128H321080001,营口银行股份有限公司,城市商业银行,4
B0302H222010001,吉林银行股份有限公司,城市商业银行,4
B0306H223010001,哈尔滨银行股份有限公司,城市商业银行,4
B1056H223010001,龙江银行股份有限公司,城市商业银行,5
B0139H231000001,上海银行股份有限公司,城市商业银行,5
B0243H232010001,江苏银行股份有限公司,城市商业银行,5
B0140H232010001,南京银行股份有限公司,城市商业银行,5
B0236H332050001,苏州银行股份有限公司,城市商业银行,5
B0347H332120001,江苏长江商业银行股份有限公司,城市商业银行,5
B0151H233010001,杭州银行股份有限公司,城市商业银行,5
B0155H233050001,湖州银行股份有限公司,城市商业银行,5
B0154H233040001,嘉兴银行股份有限公司,城市商业银行,5
B0157H233070001,金华银行股份有限公司,城市商业银行,5
B0156H233060001,绍兴银行股份有限公司,城市商业银行,5
B0159H233100001,台州银行股份有限公司,城市商业银行,5
B0153H233030001,温州银行股份有限公司,城市商业银行,5
B0158H233070001,浙江稠州商业银行股份有限公司,城市商业银行,5
B0161H233100001,浙江民泰商业银行股份有限公司,城市商业银行,6
B0160H233100001,浙江泰隆商业银行股份有限公司,城市商业银行,6
B0162H234010001,徽商银行股份有限公司,城市商业银行,6
B0163H235010001,福建海峡银行股份有限公司,城市商业银行,6
B0271H335050001,泉州银行股份有限公司,城市商业银行,6
B0792H236010001,江西银行股份有限公司,城市商业银行,6
B0353H336070001,赣州银行股份有限公司,城市商业银行,6
B0348H336040001,九江银行股份有限公司,城市商业银行,6
B1030H336110001,上饶银行股份有限公司,城市商业银行,6
B0169H237010001,齐鲁银行股份有限公司,城市商业银行,6
B0180H337140001,德州银行股份有限公司,城市商业银行,6
B0172H337050001,东营银行股份有限公司,城市商业银行,6
B0175H337080001,济宁银行股份有限公司,城市商业银行,6
B0325H337120001,莱商银行股份有限公司,城市商业银行,6
B0179H337130001,临商银行股份有限公司,城市商业银行,7
B0171H337030001,齐商银行股份有限公司,城市商业银行,7
B0177H337110001,日照银行股份有限公司,城市商业银行,7
B0297H337090001,泰安银行股份有限公司,城市商业银行,7
B0176H337100001,威海市商业银行股份有限公司,城市商业银行,7
B0174H337070001,潍坊银行股份有限公司,城市商业银行,7
B0173H337060001,烟台银行股份有限公司,城市商业银行,7
B0290H337040001,枣庄银行股份有限公司,城市商业银行,7
B0615H241010001,中原银行股份有限公司,城市商业银行,7
B1036H241010001,郑州银行股份有限公司,城市商业银行,7
B1099H243010001,湖南银行股份有限公司,城市商业银行,7
B0192H243010001,长沙银行股份有限公司,城市商业银行,7
B0187H242010002,汉口银行股份有限公司,城市商业银行,7
B1151H242010001,湖北银行股份有限公司,城市商业银行,7
B1041H244010001,广州银行股份有限公司,城市商业银行,8
B0201H244190001,东莞银行股份有限公司,城市商业银行,8
B1194H244050001,广东华兴银行股份有限公司,城市商业银行,8
B0200H344080001,广东南粤银行股份有限公司,城市商业银行,8
B0199H244040001,珠海华润银行股份有限公司,城市商业银行,8
B0349H245010001,广西北部湾银行股份有限公司,城市商业银行,8
B1105H245030001,桂林银行股份有限公司,城市商业银行,8
B1087H245020001,柳州银行股份有限公司,城市商业银行,8
B0729H246010001,海南银行股份有限公司,城市商业银行,8
B0205H250000001,重庆三峡银行股份有限公司,城市商业银行,8
B0206H250000001,重庆银行股份有限公司,城市商业银行,8
B0207H251010001,成都银行股份有限公司,城市商业银行,8
B1053H251170001,达州银行股份有限公司,城市商业银行,8
B0211H251060002,长城华西银行股份有限公司,城市商业银行,8
B0213H251110001,乐山市商业银行股份有限公司,城市商业银行,9
B0210H251050001,泸州银行股份有限公司,城市商业银行,9
B0212H251070001,绵阳市商业银行股份有限公司,城市商业银行,9
B0214H251130001,四川天府银行股份有限公司,城市商业银行,9
B0317H251090001,遂宁银行股份有限公司,城市商业银行,9
B0343H251180001,雅安市商业银行股份有限公司,城市商业银行,9
B0284H251150001,宜宾市商业银行股份有限公司,城市商业银行,9
B0208H251030001,自贡银行股份有限公司,城市商业银行,9
B0215H252010001,贵阳银行股份有限公司,城市商业银行,9
B1383H252010001,贵州银行股份有限公司,城市商业银行,9
B0258H253010001,富滇银行股份有限公司,城市商业银行,9
B0259H253030001,曲靖市商业银行股份有限公司,城市商业银行,9
B0260H253040001,云南红塔银行股份有限公司,城市商业银行,9
B1293H254010001,西藏银行股份有限公司,城市商业银行,9
B0274H261010001,西安银行股份有限公司,城市商业银行,10
B1027H261010001,长安银行股份有限公司,城市商业银行,10
B1228H262010001,甘肃银行股份有限公司,城市商业银行,10
B0268H262010001,兰州银行股份有限公司,城市商业银行,10
B0223H263010002,青海银行股份有限公司,城市商业银行,10
B0314H264010001,宁夏银行股份有限公司,城市商业银行,10
B1009H364020001,石嘴山银行股份有限公司,城市商业银行,10
B0796H265010001,乌鲁木齐银行股份有限公司,城市商业银行,10
B0226H365020002,昆仑银行股份有限公司,城市商业银行,10
B1085H365220001,哈密市商业银行股份有限公司,城市商业银行,10
B0261H221020001,大连银行股份有限公司,城市商业银行,10
B0152H233020001,宁波银行股份有限公司,城市商业银行,10
B0358H233020001,宁波东海银行股份有限公司,城市商业银行,10
B1311H233020001,宁波通商银行股份有限公司,城市商业银行,10
B0164H235020001,厦门银行股份有限公司,城市商业银行,11
B0025H235020001,厦门国际银行股份有限公司,城市商业银行,11
B0170H237020001,青岛银行股份有限公司,城市商业银行,11
B1522H265010001,新疆银行股份有限公司,城市商业银行,11
B1954H215020001,蒙商银行股份有限公司,城市商业银行,11
B1987H251010001,四川银行股份有限公司,城市商业银行,11
B2036H221010001,辽沈银行股份有限公司,城市商业银行,11
B2027H214010001,山西银行股份有限公司,城市商业银行,11
B0655H212000001,天津金城银行股份有限公司,民营银行,11
B0606H231000001,上海华瑞银行股份有限公司,民营银行,11
B0675H233010001,浙江网商银行股份有限公司,民营银行,11
B0651H233030001,温州民商银行股份有限公司,民营银行,11
B0593H244030001,深圳前海微众银行股份有限公司,民营银行,11
B1519H243010001,湖南三湘银行股份有限公司,民营银行,11
B1191H250000001,重庆富民银行股份有限公司,民营银行,12
B1544H251010001,四川新网银行股份有限公司,民营银行,12
B1611H211000001,北京中关村银行股份有限公司,民营银行,12
B1600H222010001,吉林亿联银行股份有限公司,民营银行,12
B1596H242010001,武汉众邦银行股份有限公司,民营银行,12
B1563H235010001,福建华通银行股份有限公司,民营银行,12
B1606H237100001,威海蓝海银行股份有限公司,民营银行,12
B1621H232010001,江苏苏商银行股份有限公司,民营银行,12
B1627H244140001,梅州客商银行股份有限公司,民营银行,12
B1686H234010001,安徽新安银行股份有限公司,民营银行,12
B1661H221010001,辽宁振兴银行股份有限公司,民营银行,12
B1877H236010001,江西裕民银行股份有限公司,民营银行,12
B1949H332020001,无锡锡商银行股份有限公司,民营银行,12
B0049H131000001,东亚银行（中国）有限公司,外资法人银行,12
B0047H131000001,汇丰银行（中国）有限公司,外资法人银行,13
B0048H131000001,渣打银行（中国）有限公司,外资法人银行,13
B1090H211000001,蒙特利尔银行（中国）有限公司,外资法人银行,13
B0312H211000001,德意志银行（中国）有限公司,外资法人银行,13
B0341H211000001,法国兴业银行（中国）有限公司,外资法人银行,13
B0291H211000001,国民银行（中国）有限公司,外资法人银行,13
B0309H211000001,韩亚银行（中国）有限公司,外资法人银行,13
B0294H211000001,摩根大通银行（中国）有限公司,外资法人银行,13
B0033H211000001,瑞士银行（中国）有限公司,外资法人银行,13
B0323H211000001,新韩银行（中国）有限公司,外资法人银行,13
B0304H211000001,友利银行（中国）有限公司,外资法人银行,13
B1017H212000001,企业银行（中国）有限公司,外资法人银行,13
B0079H231000001,澳大利亚和新西兰银行（中国）有限公司,外资法人银行,13
B0308H231000001,大华银行（中国）有限公司,外资法人银行,13
B1022H231000001,东方汇理银行（中国）有限公司,外资法人银行,14
B0019H231000001,法国巴黎银行（中国）有限公司,外资法人银行,14
B0021H231000001,富邦华一银行有限公司,外资法人银行,14
B1761H231000001,国泰世华银行（中国）有限公司,外资法人银行,14
B0269H231000001,恒生银行（中国）有限公司,外资法人银行,14
B0249H231000001,花旗银行（中国）有限公司,外资法人银行,14
B0305H231000001,华美银行（中国）有限公司,外资法人银行,14
B0286H231000001,华侨银行有限公司,外资法人银行,14
B0307H231000001,南洋商业银行（中国）有限公司,外资法人银行,14
B1031H231000001,盘谷银行（中国）有限公司,外资法人银行,14
B0996H231000001,上海科创银行有限公司,外资法人银行,14
B0071H231000001,瑞穗银行（中国）有限公司,外资法人银行,14
B1012H231000001,三井住友银行（中国）有限公司,外资法人银行,14
B0288H231000001,三菱日联银行（中国）有限公司,外资法人银行,14
B0270H231000001,星展银行（中国）有限公司,外资法人银行,15
B1065H231000001,正信银行有限公司,外资法人银行,15
B1064H232010001,首都银行（中国）有限公司,外资法人银行,15
B0409H232010001,永丰银行（中国）有限公司,外资法人银行,15
B1743H232010001,彰银商业银行有限公司,外资法人银行,15
B0029H244040001,摩根士丹利国际银行（中国）有限公司,外资法人银行,15
B0026H235020001,新联商业银行,外资法人银行,15
B0333H244030001,大新银行（中国）有限公司,外资法人银行,15
B0028H244030001,华商银行,外资法人银行,15
B1628H244030001,开泰银行（中国）有限公司,外资法人银行,15
B0859H244030001,玉山银行（中国）有限公司,外资法人银行,15
B0321H244030001,中信银行国际（中国）有限公司,外资法人银行,15
B0240H212000001,中德住房储蓄银行,住房储蓄银行,15
Z0041H111000001,中信百信银行股份有限公司,直销银行,15
B2138H215010001,内蒙古农村商业银行股份有限公司,农村商业银行,16
B2136H232010001,江苏农村商业联合银行股份有限公司,农村商业银行,16
B2137H236010001,江西农村商业联合银行股份有限公司,农村商业银行,16
B2135H241010001,河南农村商业银行股份有限公司,农村商业银行,16
B0086H351150002,四川兴文石海农村商业银行股份有限公司,农村商业银行,16
B0106H342060001,湖北襄阳农村商业银行股份有限公司,农村商业银行,16
B0123H337030001,山东高青农村商业银行股份有限公司,农村商业银行,16
B0141H351050002,四川叙永农村商业银行股份有限公司,农村商业银行,16
B0142H361090001,陕西白河农村商业银行股份有限公司,农村商业银行,16
B0143H361100001,陕西镇安农村商业银行股份有限公司,农村商业银行,16
B0144H214010001,山西清徐农村商业银行股份有限公司,农村商业银行,16
B0145H336070001,江西石城农村商业银行股份有限公司,农村商业银行,16
B0146H333030001,浙江温州鹿城农村商业银行股份有限公司,农村商业银行,16
B0147H342120001,湖北崇阳农村商业银行股份有限公司,农村商业银行,16
B0149H244200001,中山农村商业银行股份有限公司,农村商业银行,17
B0216H336070001,江西大余农村商业银行股份有限公司,农村商业银行,17
B0217H342100001,湖北石首农村商业银行股份有限公司,农村商业银行,17
B0218H342090001,湖北云梦农村商业银行股份有限公司,农村商业银行,17
B0221H334100001,黄山徽州农村商业银行股份有限公司,农村商业银行,17
B0222H334050001,安徽和县农村商业银行股份有限公司,农村商业银行,17
B0227H211000001,北京农村商业银行股份有限公司,农村商业银行,17
B0228H231000001,上海农村商业银行股份有限公司,农村商业银行,17
B0229H332020001,江苏江阴农村商业银行股份有限公司,农村商业银行,17
B0230H332020001,无锡农村商业银行股份有限公司,农村商业银行,17
B0232H332050001,江苏张家港农村商业银行股份有限公司,农村商业银行,17
B0233H332050001,江苏常熟农村商业银行股份有限公司,农村商业银行,17
B0234H332050001,江苏苏州农村商业银行股份有限公司,农村商业银行,17
B0235H332050001,江苏昆山农村商业银行股份有限公司,农村商业银行,17
B0237H332050001,江苏太仓农村商业银行股份有限公司,农村商业银行,18
B0238H334020001,芜湖扬子农村商业银行股份有限公司,农村商业银行,18
B0239H244030001,深圳农村商业银行股份有限公司,农村商业银行,18
B0241H334100001,黄山太平农村商业银行股份有限公司,农村商业银行,18
B0242H334100001,安徽休宁农村商业银行股份有限公司,农村商业银行,18
B0245H361080001,陕西米脂农村商业银行股份有限公司,农村商业银行,18
B0246H361080001,陕西子洲农村商业银行股份有限公司,农村商业银行,18
B0247H361080001,陕西绥德农村商业银行股份有限公司,农村商业银行,18
B0248H351150002,四川江安农村商业银行股份有限公司,农村商业银行,18
B0251H342100001,湖北洪湖农村商业银行股份有限公司,农村商业银行,18
B0253H334160001,安徽蒙城农村商业银行股份有限公司,农村商业银行,18
B0254H334180001,安徽广德农村商业银行股份有限公司,农村商业银行,18
B0255H334130001,安徽灵璧农村商业银行股份有限公司,农村商业银行,18
B0256H334120001,阜阳颍淮农村商业银行股份有限公司,农村商业银行,18
B0257H322020001,吉林环城农村商业银行股份有限公司,农村商业银行,19
B0263H236010001,江西赣昌农村商业银行股份有限公司,农村商业银行,19
B0279H343040001,湖南耒阳农村商业银行股份有限公司,农村商业银行,19
B0283H234010001,合肥科技农村商业银行股份有限公司,农村商业银行,19
B0292H342100001,湖北荆州农村商业银行股份有限公司,农村商业银行,19
B0293H336090001,江西上高农村商业银行股份有限公司,农村商业银行,19
B0311H334170001,池州九华农村商业银行股份有限公司,农村商业银行,19
B0313H212000001,天津滨海农村商业银行股份有限公司,农村商业银行,19
B0315H336090001,江西樟树农村商业银行股份有限公司,农村商业银行,19
B0318H352240001,贵州毕节农村商业银行股份有限公司,农村商业银行,19
B0322H343080001,张家界农村商业银行股份有限公司,农村商业银行,19
B0328H337160001,山东博兴农村商业银行股份有限公司,农村商业银行,19
B0332H343060001,湖南华容农村商业银行股份有限公司,农村商业银行,19
B0334H313090001,河北沧州农村商业银行股份有限公司,农村商业银行,19
B0335H250000001,重庆农村商业银行股份有限公司,农村商业银行,20
B0339H343310001,湖南吉首农村商业银行股份有限公司,农村商业银行,20
B0346H332090001,江苏射阳农村商业银行股份有限公司,农村商业银行,20
B0350H343040001,湖南常宁农村商业银行股份有限公司,农村商业银行,20
B0352H264010001,宁夏黄河农村商业银行股份有限公司,农村商业银行,20
B0354H343090001,益阳农村商业银行股份有限公司,农村商业银行,20
B0355H351150002,四川筠连农村商业银行股份有限公司,农村商业银行,20
B0357H342120001,湖北咸宁农村商业银行股份有限公司,农村商业银行,20
B0360H313020001,河北唐山农村商业银行股份有限公司,农村商业银行,20
B0361H233010001,浙江杭州余杭农村商业银行股份有限公司,农村商业银行,20
B0365H363270001,青海玉树农村商业银行股份有限公司,农村商业银行,20
B0366H333090001,浙江舟山普陀农村商业银行股份有限公司,农村商业银行,20
B0368H351050002,四川古蔺农村商业银行股份有限公司,农村商业银行,20
B0370H351050002,四川合江农村商业银行股份有限公司,农村商业银行,20
B0371H233020001,宁波奉化农村商业银行股份有限公司,农村商业银行,21
B0372H333060001,浙江新昌农村商业银行股份有限公司,农村商业银行,21
B0373H333040001,浙江嘉善农村商业银行股份有限公司,农村商业银行,21
B0375H352270001,贵州瓮安农村商业银行股份有限公司,农村商业银行,21
B0376H344130001,广东惠东农村商业银行股份有限公司,农村商业银行,21
B0377H361090001,陕西旬阳农村商业银行股份有限公司,农村商业银行,21
B0381H352220001,铜仁农村商业银行股份有限公司,农村商业银行,21
B0382H322240001,吉林敦化农村商业银行股份有限公司,农村商业银行,21
B0383H322240001,吉林珲春农村商业银行股份有限公司,农村商业银行,21
B0384H341100001,河南许昌许都农村商业银行股份有限公司,农村商业银行,21
B0385H342280001,湖北恩施农村商业银行股份有限公司,农村商业银行,21
B0386H335040001,福建沙县农村商业银行股份有限公司,农村商业银行,21
B0387H343310001,湖南古丈农村商业银行股份有限公司,农村商业银行,21
B0388H334100001,安徽祁门农村商业银行股份有限公司,农村商业银行,21
B0389H352040001,安顺农村商业银行股份有限公司,农村商业银行,22
B0390H314040001,山西长治黎都农村商业银行股份有限公司,农村商业银行,22
B0391H352270001,贵州独山农村商业银行股份有限公司,农村商业银行,22
B0392H343110001,湖南蓝山农村商业银行股份有限公司,农村商业银行,22
B0393H343310001,湖南凤凰农村商业银行股份有限公司,农村商业银行,22
B0394H264010001,宁夏灵武农村商业银行股份有限公司,农村商业银行,22
B0395H343030001,湖南韶山农村商业银行股份有限公司,农村商业银行,22
B0396H334170001,安徽东至农村商业银行股份有限公司,农村商业银行,22
B0397H364020001,宁夏石嘴山农村商业银行股份有限公司,农村商业银行,22
B0398H314040001,山西长子农村商业银行股份有限公司,农村商业银行,22
B0399H337140001,山东禹城农村商业银行股份有限公司,农村商业银行,22
B0400H341030001,河南汝阳农村商业银行股份有限公司,农村商业银行,22
B0401H337140001,山东齐河农村商业银行股份有限公司,农村商业银行,22
B0402H344130001,广东博罗农村商业银行股份有限公司,农村商业银行,22
B0405H333050001,浙江安吉农村商业银行股份有限公司,农村商业银行,23
B0406H342120001,湖北赤壁农村商业银行股份有限公司,农村商业银行,23
B0407H352030001,贵州仁怀茅台农村商业银行股份有限公司,农村商业银行,23
B0408H341170001,河南正阳农村商业银行股份有限公司,农村商业银行,23
B0410H337150001,聊城农村商业银行股份有限公司,农村商业银行,23
B0411H337090001,山东宁阳农村商业银行股份有限公司,农村商业银行,23
B0412H337110001,山东五莲农村商业银行股份有限公司,农村商业银行,23
B0413H334110001,安徽凤阳农村商业银行股份有限公司,农村商业银行,23
B0414H337130001,山东沂水农村商业银行股份有限公司,农村商业银行,23
B0415H333030001,浙江乐清农村商业银行股份有限公司,农村商业银行,23
B0416H337170001,山东郓城农村商业银行股份有限公司,农村商业银行,23
B0417H337080001,山东邹城农村商业银行股份有限公司,农村商业银行,23
B0418H333080001,浙江衢州柯城农村商业银行股份有限公司,农村商业银行,23
B0419H252010001,贵州花溪农村商业银行股份有限公司,农村商业银行,23
B0421H344160001,广东东源农村商业银行股份有限公司,农村商业银行,24
B0422H334180001,安徽郎溪农村商业银行股份有限公司,农村商业银行,24
B0423H334180001,安徽宁国农村商业银行股份有限公司,农村商业银行,24
B0424H352260001,贵州凯里农村商业银行股份有限公司,农村商业银行,24
B0426H322080001,白城农村商业银行股份有限公司,农村商业银行,24
B0427H322020001,吉林磐石农村商业银行股份有限公司,农村商业银行,24
B0428H222010001,长春发展农村商业银行股份有限公司,农村商业银行,24
B0430H344520001,广东揭东农村商业银行股份有限公司,农村商业银行,24
B0431H333110001,浙江丽水莲都农村商业银行股份有限公司,农村商业银行,24
B0432H344150001,汕尾农村商业银行股份有限公司,农村商业银行,24
B0434H314090001,山西忻州农村商业银行股份有限公司,农村商业银行,24
B0437H352230001,贵州兴仁农村商业银行股份有限公司,农村商业银行,24
B0438H352230001,贵州安龙农村商业银行股份有限公司,农村商业银行,24
B0439H352230001,贵州贞丰农村商业银行股份有限公司,农村商业银行,24
B0441H314070001,山西平遥农村商业银行股份有限公司,农村商业银行,25
B0442H342110001,湖北蕲春农村商业银行股份有限公司,农村商业银行,25
B0443H333030001,浙江永嘉农村商业银行股份有限公司,农村商业银行,25
B0444H337150001,山东莘县农村商业银行股份有限公司,农村商业银行,25
B0445H336090001,江西丰城农村商业银行股份有限公司,农村商业银行,25
B0446H337110001,山东莒县农村商业银行股份有限公司,农村商业银行,25
B0447H336110001,上饶农村商业银行股份有限公司,农村商业银行,25
B0448H336080001,江西遂川农村商业银行股份有限公司,农村商业银行,25
B0449H334030001,安徽怀远农村商业银行股份有限公司,农村商业银行,25
B0450H333030001,浙江温州瓯海农村商业银行股份有限公司,农村商业银行,25
B0451H333030001,浙江瑞安农村商业银行股份有限公司,农村商业银行,25
B0452H333030001,浙江苍南农村商业银行股份有限公司,农村商业银行,25
B0455H337170001,山东成武农村商业银行股份有限公司,农村商业银行,25
B0456H334050001,安徽含山农村商业银行股份有限公司,农村商业银行,25
B0457H337060001,山东长岛农村商业银行股份有限公司,农村商业银行,26
B0458H362060001,武威农村商业银行股份有限公司,农村商业银行,26
B0460H213010001,河北正定农村商业银行股份有限公司,农村商业银行,26
B0461H334070001,安徽枞阳农村商业银行股份有限公司,农村商业银行,26
B0463H337150001,山东高唐农村商业银行股份有限公司,农村商业银行,26
B0464H352040001,贵州紫云农村商业银行股份有限公司,农村商业银行,26
B0465H334160001,安徽利辛农村商业银行股份有限公司,农村商业银行,26
B0466H334030001,安徽固镇农村商业银行股份有限公司,农村商业银行,26
B0467H342060001,湖北枣阳农村商业银行股份有限公司,农村商业银行,26
B0470H351180001,雅安农村商业银行股份有限公司,农村商业银行,26
B0471H314040001,山西襄垣农村商业银行股份有限公司,农村商业银行,26
B0472H323100001,黑龙江绥芬河农村商业银行股份有限公司,农村商业银行,26
B0473H342110001,湖北红安农村商业银行股份有限公司,农村商业银行,26
B0475H313090001,河北献县农村商业银行股份有限公司,农村商业银行,26
B0476H337130001,山东郯城农村商业银行股份有限公司,农村商业银行,27
B0477H337130001,山东蒙阴农村商业银行股份有限公司,农村商业银行,27
B0479H334150001,六安农村商业银行股份有限公司,农村商业银行,27
B0480H334040001,安徽凤台农村商业银行股份有限公司,农村商业银行,27
B0481H334130001,安徽宿州农村商业银行股份有限公司,农村商业银行,27
B0482H334030001,安徽五河农村商业银行股份有限公司,农村商业银行,27
B0483H342280001,湖北来凤农村商业银行股份有限公司,农村商业银行,27
B0484H332080001,江苏洪泽农村商业银行股份有限公司,农村商业银行,27
B0485H336070001,江西会昌农村商业银行股份有限公司,农村商业银行,27
B0486H342090001,湖北孝昌农村商业银行股份有限公司,农村商业银行,27
B0488H342110001,湖北黄梅农村商业银行股份有限公司,农村商业银行,27
B0489H333070001,浙江金华成泰农村商业银行股份有限公司,农村商业银行,27
B0490H342110001,湖北罗田农村商业银行股份有限公司,农村商业银行,27
B0491H343050001,湖南邵东农村商业银行股份有限公司,农村商业银行,27
B0492H342090001,湖北孝感农村商业银行股份有限公司,农村商业银行,28
B0493H345030001,广西临桂农村商业银行股份有限公司,农村商业银行,28
B0494H343070001,湖南津市农村商业银行股份有限公司,农村商业银行,28
B0495H343130001,湖南双峰农村商业银行股份有限公司,农村商业银行,28
B0497H361040001,陕西彬州农村商业银行股份有限公司,农村商业银行,28
B0498H361100001,陕西柞水农村商业银行股份有限公司,农村商业银行,28
B0499H313020001,河北唐山曹妃甸农村商业银行股份有限公司,农村商业银行,28
B0500H361090001,陕西平利农村商业银行股份有限公司,农村商业银行,28
B0501H361100001,陕西商南农村商业银行股份有限公司,农村商业银行,28
B0503H361080001,陕西靖边农村商业银行股份有限公司,农村商业银行,28
B0504H314080001,山西夏县农村商业银行股份有限公司,农村商业银行,28
B0506H343120001,湖南麻阳农村商业银行股份有限公司,农村商业银行,28
B0507H352270001,贵州都匀农村商业银行股份有限公司,农村商业银行,28
B0508H343100001,郴州农村商业银行股份有限公司,农村商业银行,28
B0510H336090001,江西万载农村商业银行股份有限公司,农村商业银行,29
B0511H345020001,广西鹿寨农村商业银行股份有限公司,农村商业银行,29
B0512H351090001,四川大英农村商业银行股份有限公司,农村商业银行,29
B0513H337150001,山东东阿农村商业银行股份有限公司,农村商业银行,29
B0515H342110001,湖北黄冈农村商业银行股份有限公司,农村商业银行,29
B0516H352270001,贵州平塘农村商业银行股份有限公司,农村商业银行,29
B0517H352220001,贵州思南农村商业银行股份有限公司,农村商业银行,29
B0518H345040001,广西岑溪农村商业银行股份有限公司,农村商业银行,29
B0519H242900001,湖北神农架农村商业银行股份有限公司,农村商业银行,29
B0521H351150001,四川高县农村商业银行股份有限公司,农村商业银行,29
B0522H352270001,贵州荔波农村商业银行股份有限公司,农村商业银行,29
B0523H342280001,湖北建始农村商业银行股份有限公司,农村商业银行,29
B0524H351150001,四川屏山农村商业银行股份有限公司,农村商业银行,29
B0525H334160001,安徽涡阳农村商业银行股份有限公司,农村商业银行,29
B0526H344130001,广东龙门农村商业银行股份有限公司,农村商业银行,30
B0527H337110001,日照岚山农村商业银行股份有限公司,农村商业银行,30
B0528H242900001,湖北天门农村商业银行股份有限公司,农村商业银行,30
B0529H337040001,枣庄农村商业银行股份有限公司,农村商业银行,30
B0530H362020001,嘉峪关农村商业银行股份有限公司,农村商业银行,30
B0533H343110001,湖南祁阳农村商业银行股份有限公司,农村商业银行,30
B0534H352260001,贵州三穗农村商业银行股份有限公司,农村商业银行,30
B0535H342060001,湖北宜城农村商业银行股份有限公司,农村商业银行,30
B0536H252010001,贵州清镇农村商业银行股份有限公司,农村商业银行,30
B0537H352240001,贵州织金农村商业银行股份有限公司,农村商业银行,30
B0540H343110001,湖南江永农村商业银行股份有限公司,农村商业银行,30
B0541H352240001,贵州黔西农村商业银行股份有限公司,农村商业银行,30
B0542H334120001,安徽颍上农村商业银行股份有限公司,农村商业银行,30
B0543H337170001,菏泽农村商业银行股份有限公司,农村商业银行,30
B0545H361030001,陕西宝鸡渭滨农村商业银行股份有限公司,农村商业银行,31
B0546H363210001,青海互助农村商业银行股份有限公司,农村商业银行,31
B0547H263010001,青海大通农村商业银行股份有限公司,农村商业银行,31
B0548H361030001,陕西陇县农村商业银行股份有限公司,农村商业银行,31
B0549H352260001,贵州黎平农村商业银行股份有限公司,农村商业银行,31
B0550H342090001,湖北汉川农村商业银行股份有限公司,农村商业银行,31
B0551H342280001,湖北鹤峰农村商业银行股份有限公司,农村商业银行,31
B0553H352260001,贵州麻江农村商业银行股份有限公司,农村商业银行,31
B0554H352260001,贵州天柱农村商业银行股份有限公司,农村商业银行,31
B0555H351100001,四川威远农村商业银行股份有限公司,农村商业银行,31
B0556H336090001,江西高安农村商业银行股份有限公司,农村商业银行,31
B0557H341060001,鹤壁农村商业银行股份有限公司,农村商业银行,31
B0558H352260001,贵州从江农村商业银行股份有限公司,农村商业银行,31
B0559H352260001,贵州黄平农村商业银行股份有限公司,农村商业银行,31
B0560H313110001,河北衡水农村商业银行股份有限公司,农村商业银行,32
B0561H313110001,河北阜城农村商业银行股份有限公司,农村商业银行,32
B0563H334120001,安徽阜南农村商业银行股份有限公司,农村商业银行,32
B0564H343100001,湖南汝城农村商业银行股份有限公司,农村商业银行,32
B0565H343020001,湖南醴陵农村商业银行股份有限公司,农村商业银行,32
B0566H342120001,湖北通城农村商业银行股份有限公司,农村商业银行,32
B0567H233010001,浙江萧山农村商业银行股份有限公司,农村商业银行,32
B0568H341030001,河南宜阳农村商业银行股份有限公司,农村商业银行,32
B0569H342100001,湖北监利农村商业银行股份有限公司,农村商业银行,32
B0570H362110001,甘肃临洮农村商业银行股份有限公司,农村商业银行,32
B0571H361090001,陕西汉阴农村商业银行股份有限公司,农村商业银行,32
B0572H361090001,陕西紫阳农村商业银行股份有限公司,农村商业银行,32
B0573H361080001,陕西吴堡农村商业银行股份有限公司,农村商业银行,32
B0574H361080001,陕西佳县农村商业银行股份有限公司,农村商业银行,32
B0575H322240001,吉林汪清农村商业银行股份有限公司,农村商业银行,33
B0576H361080001,陕西清涧农村商业银行股份有限公司,农村商业银行,33
B0577H322240001,吉林安图农村商业银行股份有限公司,农村商业银行,33
B0578H342130001,湖北广水农村商业银行股份有限公司,农村商业银行,33
B0579H333060001,浙江上虞农村商业银行股份有限公司,农村商业银行,33
B0581H337140001,山东庆云农村商业银行股份有限公司,农村商业银行,33
B0582H322050001,通化农村商业银行股份有限公司,农村商业银行,33
B0583H344140001,广东平远农村商业银行股份有限公司,农村商业银行,33
B0584H345140001,广西崇左农村商业银行股份有限公司,农村商业银行,33
B0585H333040001,浙江海宁农村商业银行股份有限公司,农村商业银行,33
B0586H334130001,安徽萧县农村商业银行股份有限公司,农村商业银行,33
B0587H361090001,陕西石泉农村商业银行股份有限公司,农村商业银行,33
B0588H334080001,安徽岳西农村商业银行股份有限公司,农村商业银行,33
B0590H323110001,黑龙江孙吴农村商业银行股份有限公司,农村商业银行,33
B0592H314050001,山西泽州农村商业银行股份有限公司,农村商业银行,34
B0594H314040001,山西壶关农村商业银行股份有限公司,农村商业银行,34
B0595H333100001,浙江天台农村商业银行股份有限公司,农村商业银行,34
B0596H343020001,湖南攸县农村商业银行股份有限公司,农村商业银行,34
B0597H351070001,四川梓潼农村商业银行股份有限公司,农村商业银行,34
B0598H314080001,山西临猗农村商业银行股份有限公司,农村商业银行,34
B0599H314100001,山西浮山农村商业银行股份有限公司,农村商业银行,34
B0600H343040001,湖南南岳农村商业银行股份有限公司,农村商业银行,34
B0602H323060001,大庆农村商业银行股份有限公司,农村商业银行,34
B0603H336090001,江西宜丰农村商业银行股份有限公司,农村商业银行,34
B0604H336030001,萍乡农村商业银行股份有限公司,农村商业银行,34
B0605H233020001,宁波慈溪农村商业银行股份有限公司,农村商业银行,34
B0607H333110001,浙江青田农村商业银行股份有限公司,农村商业银行,34
B0608H337150001,山东阳谷农村商业银行股份有限公司,农村商业银行,34
B0609H334120001,安徽临泉农村商业银行股份有限公司,农村商业银行,35
B0610H334120001,安徽太和农村商业银行股份有限公司,农村商业银行,35
B0611H336100001,江西金溪农村商业银行股份有限公司,农村商业银行,35
B0612H345140001,广西大新农村商业银行股份有限公司,农村商业银行,35
B0613H313050001,河北宁晋农村商业银行股份有限公司,农村商业银行,35
B0614H334010001,安徽肥东农村商业银行股份有限公司,农村商业银行,35
B0616H333080001,浙江江山农村商业银行股份有限公司,农村商业银行,35
B0617H333070001,浙江永康农村商业银行股份有限公司,农村商业银行,35
B0618H334080001,安徽宿松农村商业银行股份有限公司,农村商业银行,35
B0619H343050001,湖南邵阳昭阳农村商业银行股份有限公司,农村商业银行,35
B0620H314070001,山西介休农村商业银行股份有限公司,农村商业银行,35
B0621H332070001,江苏东海农村商业银行股份有限公司,农村商业银行,35
B0622H333070001,浙江东阳农村商业银行股份有限公司,农村商业银行,35
B0623H351150001,四川珙县农村商业银行股份有限公司,农村商业银行,35
B0624H334130001,安徽砀山农村商业银行股份有限公司,农村商业银行,36
B0625H342120001,湖北嘉鱼农村商业银行股份有限公司,农村商业银行,36
B0626H334110001,安徽明光农村商业银行股份有限公司,农村商业银行,36
B0627H334110001,安徽全椒农村商业银行股份有限公司,农村商业银行,36
B0628H334150001,安徽叶集农村商业银行股份有限公司,农村商业银行,36
B0629H334080001,安徽怀宁农村商业银行股份有限公司,农村商业银行,36
B0630H342090001,湖北安陆农村商业银行股份有限公司,农村商业银行,36
B0632H343050001,湖南城步农村商业银行股份有限公司,农村商业银行,36
B0633H343130001,湖南娄底农村商业银行股份有限公司,农村商业银行,36
B0634H313070001,河北怀来农村商业银行股份有限公司,农村商业银行,36
B0636H313110001,河北武强农村商业银行股份有限公司,农村商业银行,36
B0637H334040001,安徽寿县农村商业银行股份有限公司,农村商业银行,36
B0638H334150001,安徽舒城农村商业银行股份有限公司,农村商业银行,36
B0639H334150001,安徽霍山农村商业银行股份有限公司,农村商业银行,36
B0640H233010001,浙江富阳农村商业银行股份有限公司,农村商业银行,37
B0641H237010001,济南农村商业银行股份有限公司,农村商业银行,37
B0642H362110001,定西农村商业银行股份有限公司,农村商业银行,37
B0643H314040001,山西平顺农村商业银行股份有限公司,农村商业银行,37
B0644H342080001,湖北沙洋农村商业银行股份有限公司,农村商业银行,37
B0647H334130001,安徽泗县农村商业银行股份有限公司,农村商业银行,37
B0648H344120001,广东四会农村商业银行股份有限公司,农村商业银行,37
B0649H334150001,安徽霍邱农村商业银行股份有限公司,农村商业银行,37
B0654H361070001,陕西西乡农村商业银行股份有限公司,农村商业银行,37
B0656H313040001,河北涉县农村商业银行股份有限公司,农村商业银行,37
B0658H344020001,广东翁源农村商业银行股份有限公司,农村商业银行,37
B0659H361060001,陕西洛川农村商业银行股份有限公司,农村商业银行,37
B0660H337060001,山东蓬莱农村商业银行股份有限公司,农村商业银行,37
B0661H337060001,山东栖霞农村商业银行股份有限公司,农村商业银行,37
B0662H342110001,湖北麻城农村商业银行股份有限公司,农村商业银行,38
B0663H314040001,山西屯留农村商业银行股份有限公司,农村商业银行,38
B0664H314050001,山西阳城农村商业银行股份有限公司,农村商业银行,38
B0665H336090001,江西奉新农村商业银行股份有限公司,农村商业银行,38
B0666H362070001,张掖农村商业银行股份有限公司,农村商业银行,38
B0667H362090001,甘肃敦煌农村商业银行股份有限公司,农村商业银行,38
B0668H362050001,甘肃秦安农村商业银行股份有限公司,农村商业银行,38
B0669H261010001,陕西秦农农村商业银行股份有限公司,农村商业银行,38
B0670H345140001,广西龙州农村商业银行股份有限公司,农村商业银行,38
B0671H323030001,黑龙江鸡西农村商业银行股份有限公司,农村商业银行,38
B0672H343040001,湖南衡南农村商业银行股份有限公司,农村商业银行,38
B0674H342110001,湖北浠水农村商业银行股份有限公司,农村商业银行,38
B0676H314080001,山西永济农村商业银行股份有限公司,农村商业银行,38
B0677H236010001,江西新建农村商业银行股份有限公司,农村商业银行,38
B0679H342070001,湖北鄂州农村商业银行股份有限公司,农村商业银行,39
B0680H251010001,四川简阳农村商业银行股份有限公司,农村商业银行,39
B0681H343030001,湖南湘乡农村商业银行股份有限公司,农村商业银行,39
B0682H342090001,湖北应城农村商业银行股份有限公司,农村商业银行,39
B0683H342100001,湖北公安农村商业银行股份有限公司,农村商业银行,39
B0684H342020001,湖北阳新农村商业银行股份有限公司,农村商业银行,39
B0685H343120001,湖南新晃农村商业银行股份有限公司,农村商业银行,39
B0686H342080001,湖北钟祥农村商业银行股份有限公司,农村商业银行,39
B0687H313050001,河北南和农村商业银行股份有限公司,农村商业银行,39
B0689H361060001,延安农村商业银行股份有限公司,农村商业银行,39
B0690H351170001,达州农村商业银行股份有限公司,农村商业银行,39
B0692H345100001,广西那坡农村商业银行股份有限公司,农村商业银行,39
B0693H343090001,湖南安化农村商业银行股份有限公司,农村商业银行,39
B0695H214010001,山西阳曲农村商业银行股份有限公司,农村商业银行,39
B0696H314050001,晋城农村商业银行股份有限公司,农村商业银行,40
B0697H314110001,山西交城农村商业银行股份有限公司,农村商业银行,40
B0701H353250001,云南蒙自农村商业银行股份有限公司,农村商业银行,40
B0704H313110001,河北冀州农村商业银行股份有限公司,农村商业银行,40
B0706H333110001,浙江景宁农村商业银行股份有限公司,农村商业银行,40
B0707H333030001,浙江文成农村商业银行股份有限公司,农村商业银行,40
B0708H333030001,浙江泰顺农村商业银行股份有限公司,农村商业银行,40
B0710H333090001,浙江岱山农村商业银行股份有限公司,农村商业银行,40
B0711H233010001,浙江临安农村商业银行股份有限公司,农村商业银行,40
B0715H333100001,浙江台州椒江农村商业银行股份有限公司,农村商业银行,40
B0716H353050001,云南腾冲农村商业银行股份有限公司,农村商业银行,40
B0718H341170001,河南汝南农村商业银行股份有限公司,农村商业银行,40
B0720H353230001,云南楚雄市农村商业银行股份有限公司,农村商业银行,40
B0721H351080001,广元农村商业银行股份有限公司,农村商业银行,40
B0723H351090001,四川蓬溪农村商业银行股份有限公司,农村商业银行,41
B0724H333100001,浙江台州黄岩农村商业银行股份有限公司,农村商业银行,41
B0725H364040001,宁夏固原农村商业银行股份有限公司,农村商业银行,41
B0726H333030001,浙江平阳农村商业银行股份有限公司,农村商业银行,41
B0728H345100001,广西乐业农村商业银行股份有限公司,农村商业银行,41
B0730H345100001,广西靖西农村商业银行股份有限公司,农村商业银行,41
B0731H337090001,泰安泰山农村商业银行股份有限公司,农村商业银行,41
B0733H345140001,广西宁明农村商业银行股份有限公司,农村商业银行,41
B0734H337060001,山东海阳农村商业银行股份有限公司,农村商业银行,41
B0735H252010001,贵州乌当农村商业银行股份有限公司,农村商业银行,41
B0736H313060001,河北蠡州北银农村商业银行股份有限公司,农村商业银行,41
B0737H343100001,湖南资兴农村商业银行股份有限公司,农村商业银行,41
B0738H361030001,陕西眉县农村商业银行股份有限公司,农村商业银行,41
B0739H352270001,贵州福泉农村商业银行股份有限公司,农村商业银行,41
B0740H351340001,凉山农村商业银行股份有限公司,农村商业银行,42
B0741H322060001,吉林临江农村商业银行股份有限公司,农村商业银行,42
B0743H361060001,陕西安塞农村商业银行股份有限公司,农村商业银行,42
B0744H343070001,湖南石门农村商业银行股份有限公司,农村商业银行,42
B0745H343070001,湖南临澧农村商业银行股份有限公司,农村商业银行,42
B0746H322240001,吉林和龙农村商业银行股份有限公司,农村商业银行,42
B0747H223010001,哈尔滨农村商业银行股份有限公司,农村商业银行,42
B0748H345140001,广西扶绥农村商业银行股份有限公司,农村商业银行,42
B0749H361100001,陕西山阳农村商业银行股份有限公司,农村商业银行,42
B0752H361100001,陕西丹凤农村商业银行股份有限公司,农村商业银行,42
B0753H352270001,贵州惠水农村商业银行股份有限公司,农村商业银行,42
B0754H337170001,山东鄄城农村商业银行股份有限公司,农村商业银行,42
B0755H343050001,湖南隆回农村商业银行股份有限公司,农村商业银行,42
B0756H345140001,广西天等农村商业银行股份有限公司,农村商业银行,42
B0757H352020001,六盘水农村商业银行股份有限公司,农村商业银行,43
B0759H343310001,湖南龙山农村商业银行股份有限公司,农村商业银行,43
B0761H235010001,福建长乐农村商业银行股份有限公司,农村商业银行,43
B0762H233020001,宁波宁海农村商业银行股份有限公司,农村商业银行,43
B0763H361050001,陕西韩城农村商业银行股份有限公司,农村商业银行,43
B0764H343310001,湖南永顺农村商业银行股份有限公司,农村商业银行,43
B0765H343120001,湖南通道农村商业银行股份有限公司,农村商业银行,43
B0766H351090001,四川射洪农村商业银行股份有限公司,农村商业银行,43
B0767H343310001,湖南花垣农村商业银行股份有限公司,农村商业银行,43
B0768H314060001,山西山阴农村商业银行股份有限公司,农村商业银行,43
B0769H314040001,山西武乡农村商业银行股份有限公司,农村商业银行,43
B0770H337130001,山东平邑农村商业银行股份有限公司,农村商业银行,43
B0771H343120001,湖南沅陵农村商业银行股份有限公司,农村商业银行,43
B0773H262010001,兰州农村商业银行股份有限公司,农村商业银行,43
B0774H337030001,山东桓台农村商业银行股份有限公司,农村商业银行,44
B0775H343120001,怀化农村商业银行股份有限公司,农村商业银行,44
B0776H343120001,湖南中方农村商业银行股份有限公司,农村商业银行,44
B0777H343100001,湖南临武农村商业银行股份有限公司,农村商业银行,44
B0778H345140001,广西凭祥农村商业银行股份有限公司,农村商业银行,44
B0779H343110001,湖南东安农村商业银行股份有限公司,农村商业银行,44
B0780H343120001,湖南靖州农村商业银行股份有限公司,农村商业银行,44
B0781H322080001,吉林大安农村商业银行股份有限公司,农村商业银行,44
B0782H337170001,山东单县农村商业银行股份有限公司,农村商业银行,44
B0783H337170001,山东曹县农村商业银行股份有限公司,农村商业银行,44
B0784H313040001,河北邯郸农村商业银行股份有限公司,农村商业银行,44
B0785H361090001,陕西岚皋农村商业银行股份有限公司,农村商业银行,44
B0787H362290001,临夏农村商业银行股份有限公司,农村商业银行,44
B0789H343110001,湖南新田农村商业银行股份有限公司,农村商业银行,44
B0790H343110001,湖南道县农村商业银行股份有限公司,农村商业银行,45
B0791H233020001,宁波余姚农村商业银行股份有限公司,农村商业银行,45
B0793H363250001,青海共和农村商业银行股份有限公司,农村商业银行,45
B0794H342110001,湖北英山农村商业银行股份有限公司,农村商业银行,45
B0795H343110001,湖南宁远农村商业银行股份有限公司,农村商业银行,45
B0797H362120001,甘肃礼县农村商业银行股份有限公司,农村商业银行,45
B0798H362120001,甘肃西和农村商业银行股份有限公司,农村商业银行,45
B0799H322070001,吉林郭尔罗斯农村商业银行股份有限公司,农村商业银行,45
B0800H362070001,甘肃临泽农村商业银行股份有限公司,农村商业银行,45
B0801H362070001,甘肃高台农村商业银行股份有限公司,农村商业银行,45
B0802H362070001,甘肃民乐农村商业银行股份有限公司,农村商业银行,45
B0803H333100001,浙江温岭农村商业银行股份有限公司,农村商业银行,45
B0804H335060001,福建龙海农村商业银行股份有限公司,农村商业银行,45
B0805H362090001,甘肃瓜州农村商业银行股份有限公司,农村商业银行,45
B0806H343130001,湖南冷水江农村商业银行股份有限公司,农村商业银行,46
B0807H337140001,德州农村商业银行股份有限公司,农村商业银行,46
B0808H337060001,山东招远农村商业银行股份有限公司,农村商业银行,46
B0811H343060001,湖南平江农村商业银行股份有限公司,农村商业银行,46
B0812H332070001,江苏灌南农村商业银行股份有限公司,农村商业银行,46
B0813H314040001,长治漳泽农村商业银行股份有限公司,农村商业银行,46
B0814H352030001,贵州遵义红花岗农村商业银行股份有限公司,农村商业银行,46
B0815H352030001,贵州遵义汇川农村商业银行股份有限公司,农村商业银行,46
B0816H343310001,湖南泸溪农村商业银行股份有限公司,农村商业银行,46
B0817H343310001,湖南保靖农村商业银行股份有限公司,农村商业银行,46
B0818H345060001,广西东兴农村商业银行股份有限公司,农村商业银行,46
B0819H343050001,邵阳农村商业银行股份有限公司,农村商业银行,46
B0820H337170001,山东巨野农村商业银行股份有限公司,农村商业银行,46
B0821H337170001,山东定陶农村商业银行股份有限公司,农村商业银行,46
B0822H337170001,山东东明农村商业银行股份有限公司,农村商业银行,47
B0823H323020001,黑龙江甘南农村商业银行股份有限公司,农村商业银行,47
B0824H337130001,山东兰陵农村商业银行股份有限公司,农村商业银行,47
B0825H337060001,山东莱阳农村商业银行股份有限公司,农村商业银行,47
B0826H337150001,山东临清农村商业银行股份有限公司,农村商业银行,47
B0827H323040001,黑龙江萝北农村商业银行股份有限公司,农村商业银行,47
B0828H337150001,山东茌平农村商业银行股份有限公司,农村商业银行,47
B0829H336030001,江西芦溪农村商业银行股份有限公司,农村商业银行,47
B0831H336100001,江西宜黄农村商业银行股份有限公司,农村商业银行,47
B0832H343040001,湖南衡山农村商业银行股份有限公司,农村商业银行,47
B0833H341100001,河南长葛农村商业银行股份有限公司,农村商业银行,47
B0835H341030001,河南洛宁农村商业银行股份有限公司,农村商业银行,47
B0836H362080001,平凉农村商业银行股份有限公司,农村商业银行,47
B0837H362080001,甘肃泾川农村商业银行股份有限公司,农村商业银行,47
B0839H337110001,日照东港农村商业银行股份有限公司,农村商业银行,48
B0840H341170001,河南西平农村商业银行股份有限公司,农村商业银行,48
B0841H314080001,山西闻喜农村商业银行股份有限公司,农村商业银行,48
B0842H362060001,甘肃民勤农村商业银行股份有限公司,农村商业银行,48
B0843H362100001,庆阳农村商业银行股份有限公司,农村商业银行,48
B0844H223010001,黑龙江延寿农村商业银行股份有限公司,农村商业银行,48
B0845H337160001,山东惠民农村商业银行股份有限公司,农村商业银行,48
B0846H323120001,黑龙江绥棱农村商业银行股份有限公司,农村商业银行,48
B0847H323060001,黑龙江肇源农村商业银行股份有限公司,农村商业银行,48
B0848H341030001,河南偃师农村商业银行股份有限公司,农村商业银行,48
B0849H341030001,河南孟津农村商业银行股份有限公司,农村商业银行,48
B0850H341030001,河南栾川农村商业银行股份有限公司,农村商业银行,48
B0851H352040001,贵州关岭农村商业银行股份有限公司,农村商业银行,48
B0856H361030001,陕西麟游农村商业银行股份有限公司,农村商业银行,48
B0858H336080001,江西万安农村商业银行股份有限公司,农村商业银行,49
B0860H352270001,贵州龙里农村商业银行股份有限公司,农村商业银行,49
B0861H352240001,贵州大方农村商业银行股份有限公司,农村商业银行,49
B0862H337100001,山东乳山农村商业银行股份有限公司,农村商业银行,49
B0863H343020001,湖南茶陵农村商业银行股份有限公司,农村商业银行,49
B0864H333040001,浙江桐乡农村商业银行股份有限公司,农村商业银行,49
B0865H343040001,湖南衡东农村商业银行股份有限公司,农村商业银行,49
B0866H337030001,淄博淄川农村商业银行股份有限公司,农村商业银行,49
B0867H337140001,山东夏津农村商业银行股份有限公司,农村商业银行,49
B0868H361030001,陕西千阳农村商业银行股份有限公司,农村商业银行,49
B0869H333040001,浙江平湖农村商业银行股份有限公司,农村商业银行,49
B0870H342050001,湖北五峰农村商业银行股份有限公司,农村商业银行,49
B0871H342050001,湖北兴山农村商业银行股份有限公司,农村商业银行,49
B0872H342050001,湖北宜都农村商业银行股份有限公司,农村商业银行,49
B0874H336070001,江西崇义农村商业银行股份有限公司,农村商业银行,50
B0875H336070001,江西于都农村商业银行股份有限公司,农村商业银行,50
B0876H345110001,广西富川农村商业银行股份有限公司,农村商业银行,50
B0877H337140001,山东乐陵农村商业银行股份有限公司,农村商业银行,50
B0878H344520001,广东普宁农村商业银行股份有限公司,农村商业银行,50
B0879H233010001,浙江桐庐农村商业银行股份有限公司,农村商业银行,50
B0881H336030001,江西上栗农村商业银行股份有限公司,农村商业银行,50
B0882H333070001,浙江武义农村商业银行股份有限公司,农村商业银行,50
B0883H336080001,江西新干农村商业银行股份有限公司,农村商业银行,50
B0884H361070001,陕西镇巴农村商业银行股份有限公司,农村商业银行,50
B0885H337050001,东营农村商业银行股份有限公司,农村商业银行,50
B0886H337080001,山东济宁兖州农村商业银行股份有限公司,农村商业银行,50
B0887H337080001,山东泗水农村商业银行股份有限公司,农村商业银行,50
B0888H337080001,山东微山农村商业银行股份有限公司,农村商业银行,50
B0889H337080001,山东曲阜农村商业银行股份有限公司,农村商业银行,51
B0890H337080001,山东汶上农村商业银行股份有限公司,农村商业银行,51
B0891H337080001,山东梁山农村商业银行股份有限公司,农村商业银行,51
B0892H337080001,山东鱼台农村商业银行股份有限公司,农村商业银行,51
B0893H337080001,山东金乡农村商业银行股份有限公司,农村商业银行,51
B0894H336040001,江西江州农村商业银行股份有限公司,农村商业银行,51
B0895H213010001,河北辛集农村商业银行股份有限公司,农村商业银行,51
B0896H343050001,湖南绥宁农村商业银行股份有限公司,农村商业银行,51
B0897H343050001,湖南新宁农村商业银行股份有限公司,农村商业银行,51
B0898H236010001,江西湾里农村商业银行股份有限公司,农村商业银行,51
B0899H314100001,山西襄汾农村商业银行股份有限公司,农村商业银行,51
B0900H351100001,四川隆昌农村商业银行股份有限公司,农村商业银行,51
B0902H336040001,江西武宁农村商业银行股份有限公司,农村商业银行,51
B0903H222010001,吉林农安农村商业银行股份有限公司,农村商业银行,51
B0904H343120001,湖南辰溪农村商业银行股份有限公司,农村商业银行,52
B0908H337030001,山东沂源农村商业银行股份有限公司,农村商业银行,52
B0909H337030001,淄博博山农村商业银行股份有限公司,农村商业银行,52
B0911H337140001,山东宁津农村商业银行股份有限公司,农村商业银行,52
B0912H337140001,山东平原农村商业银行股份有限公司,农村商业银行,52
B0913H333050001,浙江长兴农村商业银行股份有限公司,农村商业银行,52
B0914H337140001,德州陵城农村商业银行股份有限公司,农村商业银行,52
B0915H337140001,山东武城农村商业银行股份有限公司,农村商业银行,52
B0916H337140001,山东临邑农村商业银行股份有限公司,农村商业银行,52
B0920H337090001,泰安岱岳农村商业银行股份有限公司,农村商业银行,52
B0921H337090001,山东新泰农村商业银行股份有限公司,农村商业银行,52
B0922H337090001,山东肥城农村商业银行股份有限公司,农村商业银行,52
B0923H337090001,山东东平农村商业银行股份有限公司,农村商业银行,52
B0924H336110001,江西婺源农村商业银行股份有限公司,农村商业银行,52
B0925H343100001,湖南安仁农村商业银行股份有限公司,农村商业银行,53
B0926H336080001,江西庐陵农村商业银行股份有限公司,农村商业银行,53
B0927H336080001,江西峡江农村商业银行股份有限公司,农村商业银行,53
B0928H237010001,山东章丘农村商业银行股份有限公司,农村商业银行,53
B0929H237010001,山东商河农村商业银行股份有限公司,农村商业银行,53
B0930H237010001,山东平阴农村商业银行股份有限公司,农村商业银行,53
B0931H337100001,山东文登农村商业银行股份有限公司,农村商业银行,53
B0932H264010001,宁夏贺兰农村商业银行股份有限公司,农村商业银行,53
B0933H343070001,湖南汉寿农村商业银行股份有限公司,农村商业银行,53
B0934H341030001,河南新安农村商业银行股份有限公司,农村商业银行,53
B0936H351130001,南充农村商业银行股份有限公司,农村商业银行,53
B0937H336040001,江西修水农村商业银行股份有限公司,农村商业银行,53
B0938H336040001,江西瑞昌农村商业银行股份有限公司,农村商业银行,53
B0939H336040001,江西永修农村商业银行股份有限公司,农村商业银行,53
B0940H336040001,江西彭泽农村商业银行股份有限公司,农村商业银行,54
B0941H322060001,白山江源农村商业银行股份有限公司,农村商业银行,54
B0942H343090001,湖南南县农村商业银行股份有限公司,农村商业银行,54
B0943H314080001,山西芮城农村商业银行股份有限公司,农村商业银行,54
B0944H337080001,山东嘉祥农村商业银行股份有限公司,农村商业银行,54
B0945H337160001,山东阳信农村商业银行股份有限公司,农村商业银行,54
B0946H336080001,江西吉水农村商业银行股份有限公司,农村商业银行,54
B0947H337160001,山东无棣农村商业银行股份有限公司,农村商业银行,54
B0948H313060001,河北定州农村商业银行股份有限公司,农村商业银行,54
B0949H343060001,湖南湘阴农村商业银行股份有限公司,农村商业银行,54
B0950H343130001,湖南新化农村商业银行股份有限公司,农村商业银行,54
B0951H351190001,巴中农村商业银行股份有限公司,农村商业银行,54
B0952H335080001,福建漳平农村商业银行股份有限公司,农村商业银行,54
B0953H343090001,湖南桃江农村商业银行股份有限公司,农村商业银行,54
B0954H361090001,陕西宁陕农村商业银行股份有限公司,农村商业银行,55
B0955H361090001,陕西镇坪农村商业银行股份有限公司,农村商业银行,55
B0956H336080001,江西安福农村商业银行股份有限公司,农村商业银行,55
B0957H336090001,江西靖安农村商业银行股份有限公司,农村商业银行,55
B0958H336090001,江西铜鼓农村商业银行股份有限公司,农村商业银行,55
B0959H336080001,江西永新农村商业银行股份有限公司,农村商业银行,55
B0960H336080001,江西永丰农村商业银行股份有限公司,农村商业银行,55
B0961H336080001,江西泰和农村商业银行股份有限公司,农村商业银行,55
B0962H336070001,江西瑞金农村商业银行股份有限公司,农村商业银行,55
B0963H336070001,江西宁都农村商业银行股份有限公司,农村商业银行,55
B0964H336070001,江西信丰农村商业银行股份有限公司,农村商业银行,55
B0965H336070001,江西龙南农村商业银行股份有限公司,农村商业银行,55
B0966H336070001,江西全南农村商业银行股份有限公司,农村商业银行,55
B0967H336070001,江西赣县农村商业银行股份有限公司,农村商业银行,55
B0968H336070001,江西寻乌农村商业银行股份有限公司,农村商业银行,56
B0969H336070001,江西安远农村商业银行股份有限公司,农村商业银行,56
B0970H336070001,江西定南农村商业银行股份有限公司,农村商业银行,56
B0971H336070001,江西上犹农村商业银行股份有限公司,农村商业银行,56
B0972H336070001,江西兴国农村商业银行股份有限公司,农村商业银行,56
B0973H336030001,江西莲花农村商业银行股份有限公司,农村商业银行,56
B0974H337160001,滨州农村商业银行股份有限公司,农村商业银行,56
B0975H313050001,河北沙河农村商业银行股份有限公司,农村商业银行,56
B0976H313050001,河北临城农村商业银行股份有限公司,农村商业银行,56
B0977H337130001,山东沂南农村商业银行股份有限公司,农村商业银行,56
B0978H337130001,山东临沂兰山农村商业银行股份有限公司,农村商业银行,56
B0979H336100001,江西东乡农村商业银行股份有限公司,农村商业银行,56
B0980H351140001,四川青神农村商业银行股份有限公司,农村商业银行,56
B0981H213010001,河北晋州农村商业银行股份有限公司,农村商业银行,56
B0982H333060001,浙江嵊州农村商业银行股份有限公司,农村商业银行,57
B0983H343030001,湖南湘潭天易农村商业银行股份有限公司,农村商业银行,57
B0984H361060001,陕西甘泉农村商业银行股份有限公司,农村商业银行,57
B0985H337130001,山东临沂罗庄农村商业银行股份有限公司,农村商业银行,57
B0986H343040001,湖南衡阳衡州农村商业银行股份有限公司,农村商业银行,57
B0987H236010001,江西安义农村商业银行股份有限公司,农村商业银行,57
B0988H343070001,湖南桃源农村商业银行股份有限公司,农村商业银行,57
B0989H337130001,山东临沭农村商业银行股份有限公司,农村商业银行,57
B0990H337080001,济宁农村商业银行股份有限公司,农村商业银行,57
B0991H337130001,山东临沂河东农村商业银行股份有限公司,农村商业银行,57
B0992H337130001,山东莒南农村商业银行股份有限公司,农村商业银行,57
B0993H341030001,洛阳农村商业银行股份有限公司,农村商业银行,57
B0995H341030001,河南嵩县农村商业银行股份有限公司,农村商业银行,57
B1001H222010001,吉林九台农村商业银行股份有限公司,农村商业银行,57
B1004H337060001,山东莱州农村商业银行股份有限公司,农村商业银行,58
B1005H337160001,山东邹平农村商业银行股份有限公司,农村商业银行,58
B1006H337070001,山东寿光农村商业银行股份有限公司,农村商业银行,58
B1007H362040001,甘肃靖远农村商业银行股份有限公司,农村商业银行,58
B1023H334050001,安徽马鞍山农村商业银行股份有限公司,农村商业银行,58
B1025H343070001,湖南澧县农村商业银行股份有限公司,农村商业银行,58
B1029H242010001,武汉农村商业银行股份有限公司,农村商业银行,58
B1034H343080001,湖南慈利农村商业银行股份有限公司,农村商业银行,58
B1037H341030001,河南伊川农村商业银行股份有限公司,农村商业银行,58
B1038H333100001,浙江玉环农村商业银行股份有限公司,农村商业银行,58
B1040H336110001,江西德兴农村商业银行股份有限公司,农村商业银行,58
B1042H332120001,江苏靖江农村商业银行股份有限公司,农村商业银行,58
B1044H334080001,安庆农村商业银行股份有限公司,农村商业银行,58
B1048H244010001,广州农村商业银行股份有限公司,农村商业银行,58
B1050H364040001,宁夏西吉农村商业银行股份有限公司,农村商业银行,59
B1054H344190001,东莞农村商业银行股份有限公司,农村商业银行,59
B1055H344060001,广东顺德农村商业银行股份有限公司,农村商业银行,59
B1058H332040001,江苏江南农村商业银行股份有限公司,农村商业银行,59
B1059H332070001,江苏赣榆农村商业银行股份有限公司,农村商业银行,59
B1060H336110001,江西玉山农村商业银行股份有限公司,农村商业银行,59
B1061H223010001,黑龙江宾州农村商业银行股份有限公司,农村商业银行,59
B1062H251010001,成都农村商业银行股份有限公司,农村商业银行,59
B1063H361080001,陕西神木农村商业银行股份有限公司,农村商业银行,59
B1066H334010001,安徽肥西农村商业银行股份有限公司,农村商业银行,59
B1069H332100002,江苏江都农村商业银行股份有限公司,农村商业银行,59
B1070H332030001,江苏邳州农村商业银行股份有限公司,农村商业银行,59
B1076H243010001,湖南浏阳农村商业银行股份有限公司,农村商业银行,59
B1077H343020001,湖南炎陵农村商业银行股份有限公司,农村商业银行,59
B1079H332090001,江苏盐城农村商业银行股份有限公司,农村商业银行,60
B1083H212000001,天津农村商业银行股份有限公司,农村商业银行,60
B1086H335080001,福建上杭农村商业银行股份有限公司,农村商业银行,60
B1088H344520001,广东揭阳农村商业银行股份有限公司,农村商业银行,60
B1089H351150001,四川长宁竹海农村商业银行股份有限公司,农村商业银行,60
B1091H334180001,宣城皖南农村商业银行股份有限公司,农村商业银行,60
B1092H343110001,湖南江华农村商业银行股份有限公司,农村商业银行,60
B1094H336020001,景德镇农村商业银行股份有限公司,农村商业银行,60
B1095H337050001,山东广饶农村商业银行股份有限公司,农村商业银行,60
B1098H335030001,福建莆田农村商业银行股份有限公司,农村商业银行,60
B1100H243010001,湖南湘江新区农村商业银行股份有限公司,农村商业银行,60
B1101H334040001,淮南淮河农村商业银行股份有限公司,农村商业银行,60
B1103H337150001,山东聊城润昌农村商业银行股份有限公司,农村商业银行,60
B1107H332020001,江苏宜兴农村商业银行股份有限公司,农村商业银行,60
B1108H332060001,江苏南通农村商业银行股份有限公司,农村商业银行,61
B1110H334020001,安徽无为农村商业银行股份有限公司,农村商业银行,61
B1111H323080001,黑龙江抚远农村商业银行股份有限公司,农村商业银行,61
B1114H323030001,黑龙江密山农村商业银行股份有限公司,农村商业银行,61
B1117H342280001,湖北咸丰农村商业银行股份有限公司,农村商业银行,61
B1118H332060001,江苏如皋农村商业银行股份有限公司,农村商业银行,61
B1122H343040001,衡阳农村商业银行股份有限公司,农村商业银行,61
B1123H332100001,江苏扬州农村商业银行股份有限公司,农村商业银行,61
B1124H332060001,江苏海门农村商业银行股份有限公司,农村商业银行,61
B1125H314100001,山西尧都农村商业银行股份有限公司,农村商业银行,61
B1132H361030001,陕西凤翔农村商业银行股份有限公司,农村商业银行,61
B1133H337100001,山东荣成农村商业银行股份有限公司,农村商业银行,61
B1134H332090001,江苏建湖农村商业银行股份有限公司,农村商业银行,61
B1135H323270001,大兴安岭农村商业银行股份有限公司,农村商业银行,61
B1136H337030001,山东临淄农村商业银行股份有限公司,农村商业银行,62
B1137H344160001,广东河源农村商业银行股份有限公司,农村商业银行,62
B1139H333050001,浙江南浔农村商业银行股份有限公司,农村商业银行,62
B1140H361030001,陕西凤县农村商业银行股份有限公司,农村商业银行,62
B1142H235010001,福建福州农村商业银行股份有限公司,农村商业银行,62
B1143H333060001,浙江绍兴瑞丰农村商业银行股份有限公司,农村商业银行,62
B1145H332120001,江苏姜堰农村商业银行股份有限公司,农村商业银行,62
B1146H323110001,黑河农村商业银行股份有限公司,农村商业银行,62
B1148H332060001,江苏海安农村商业银行股份有限公司,农村商业银行,62
B1149H233010001,杭州联合农村商业银行股份有限公司,农村商业银行,62
B1150H332110001,江苏镇江农村商业银行股份有限公司,农村商业银行,62
B1153H335050001,泉州农村商业银行股份有限公司,农村商业银行,62
B1154H343100001,湖南宜章农村商业银行股份有限公司,农村商业银行,62
B1155H334110001,滁州皖东农村商业银行股份有限公司,农村商业银行,62
B1156H332100001,江苏高邮农村商业银行股份有限公司,农村商业银行,63
B1157H351110001,乐山农村商业银行股份有限公司,农村商业银行,63
B1158H335060001,福建漳州农村商业银行股份有限公司,农村商业银行,63
B1159H232010001,江苏紫金农村商业银行股份有限公司,农村商业银行,63
B1160H337030001,山东张店农村商业银行股份有限公司,农村商业银行,63
B1164H342030001,湖北竹山农村商业银行股份有限公司,农村商业银行,63
B1165H335040001,福建三明农村商业银行股份有限公司,农村商业银行,63
B1166H332090001,江苏阜宁农村商业银行股份有限公司,农村商业银行,63
B1167H335050001,福建石狮农村商业银行股份有限公司,农村商业银行,63
B1168H335070001,福建南平农村商业银行股份有限公司,农村商业银行,63
B1169H323030001,黑龙江虎林农村商业银行股份有限公司,农村商业银行,63
B1173H332110001,江苏句容农村商业银行股份有限公司,农村商业银行,63
B1174H332120001,江苏泰州农村商业银行股份有限公司,农村商业银行,63
B1175H332130001,江苏泗阳农村商业银行股份有限公司,农村商业银行,63
B1176H323100001,黑龙江东宁农村商业银行股份有限公司,农村商业银行,64
B1177H337070001,山东青州农村商业银行股份有限公司,农村商业银行,64
B1178H337070001,山东安丘农村商业银行股份有限公司,农村商业银行,64
B1180H314080001,山西绛县农村商业银行股份有限公司,农村商业银行,64
B1182H337100001,山东威海农村商业银行股份有限公司,农村商业银行,64
B1184H345030001,广西资源农村商业银行股份有限公司,农村商业银行,64
B1185H345100001,广西田东农村商业银行股份有限公司,农村商业银行,64
B1186H342050001,湖北秭归农村商业银行股份有限公司,农村商业银行,64
B1187H322020001,吉林舒兰农村商业银行股份有限公司,农村商业银行,64
B1188H323080001,黑龙江建三江农村商业银行股份有限公司,农村商业银行,64
B1192H345020001,广西融安农村商业银行股份有限公司,农村商业银行,64
B1193H243010001,湖南星沙农村商业银行股份有限公司,农村商业银行,64
B1195H332110001,江苏丹阳农村商业银行股份有限公司,农村商业银行,64
B1197H334100001,安徽歙县农村商业银行股份有限公司,农村商业银行,64
B1198H342100001,湖北松滋农村商业银行股份有限公司,农村商业银行,65
B1199H313060001,河北高碑店农村商业银行股份有限公司,农村商业银行,65
B1201H361080001,陕西定边农村商业银行股份有限公司,农村商业银行,65
B1202H336100001,江西黎川农村商业银行股份有限公司,农村商业银行,65
B1203H343120001,湖南洪江农村商业银行股份有限公司,农村商业银行,65
B1204H341100001,河南鄢陵农村商业银行股份有限公司,农村商业银行,65
B1206H337040001,山东滕州农村商业银行股份有限公司,农村商业银行,65
B1207H334120001,阜阳颍东农村商业银行股份有限公司,农村商业银行,65
B1208H341170001,河南确山农村商业银行股份有限公司,农村商业银行,65
B1209H334060001,淮北农村商业银行股份有限公司,农村商业银行,65
B1210H334020001,安徽南陵农村商业银行股份有限公司,农村商业银行,65
B1211H314090001,山西五台农村商业银行股份有限公司,农村商业银行,65
B1212H314040001,长治潞州农村商业银行股份有限公司,农村商业银行,65
B1213H342020001,湖北大冶农村商业银行股份有限公司,农村商业银行,65
B1214H344520001,广东揭西农村商业银行股份有限公司,农村商业银行,66
B1215H345040001,广西蒙山农村商业银行股份有限公司,农村商业银行,66
B1216H337060001,山东龙口农村商业银行股份有限公司,农村商业银行,66
B1217H332120001,江苏兴化农村商业银行股份有限公司,农村商业银行,66
B1218H322240002,延边农村商业银行股份有限公司,农村商业银行,66
B1220H342280001,湖北宣恩农村商业银行股份有限公司,农村商业银行,66
B1221H342060001,湖北保康农村商业银行股份有限公司,农村商业银行,66
B1222H336100001,江西南丰农村商业银行股份有限公司,农村商业银行,66
B1223H336100001,江西乐安农村商业银行股份有限公司,农村商业银行,66
B1224H343080001,湖南桑植农村商业银行股份有限公司,农村商业银行,66
B1225H243010001,长沙农村商业银行股份有限公司,农村商业银行,66
B1227H335090001,福建宁德农村商业银行股份有限公司,农村商业银行,66
B1230H332090001,江苏大丰农村商业银行股份有限公司,农村商业银行,66
B1231H342280001,湖北利川农村商业银行股份有限公司,农村商业银行,66
B1232H351040001,攀枝花农村商业银行股份有限公司,农村商业银行,67
B1233H242900001,湖北潜江农村商业银行股份有限公司,农村商业银行,67
B1234H343060001,湖南岳阳农村商业银行股份有限公司,农村商业银行,67
B1235H263010001,青海西宁农村商业银行股份有限公司,农村商业银行,67
B1236H336080001,吉安农村商业银行股份有限公司,农村商业银行,67
B1237H314070001,山西灵石农村商业银行股份有限公司,农村商业银行,67
B1238H243010001,湖南宁乡农村商业银行股份有限公司,农村商业银行,67
B1239H322240001,长白山农村商业银行股份有限公司,农村商业银行,67
B1240H332100001,江苏仪征农村商业银行股份有限公司,农村商业银行,67
B1242H343100001,湖南桂东农村商业银行股份有限公司,农村商业银行,67
B1244H364020001,宁夏平罗农村商业银行股份有限公司,农村商业银行,67
B1245H334180001,安徽泾县农村商业银行股份有限公司,农村商业银行,67
B1247H364050001,宁夏中卫农村商业银行股份有限公司,农村商业银行,67
B1248H345030001,广西龙胜农村商业银行股份有限公司,农村商业银行,67
B1249H345030001,广西恭城农村商业银行股份有限公司,农村商业银行,68
B1250H345100001,广西田阳农村商业银行股份有限公司,农村商业银行,68
B1251H222010001,吉林榆树农村商业银行股份有限公司,农村商业银行,68
B1252H337130001,山东费县农村商业银行股份有限公司,农村商业银行,68
B1253H364030001,宁夏吴忠农村商业银行股份有限公司,农村商业银行,68
B1255H351140001,四川仁寿农村商业银行股份有限公司,农村商业银行,68
B1256H343120001,湖南溆浦农村商业银行股份有限公司,农村商业银行,68
B1257H343050001,湖南武冈农村商业银行股份有限公司,农村商业银行,68
B1259H343110001,永州农村商业银行股份有限公司,农村商业银行,68
B1260H332080001,江苏淮安农村商业银行股份有限公司,农村商业银行,68
B1261H232010001,江苏高淳农村商业银行股份有限公司,农村商业银行,68
B1262H332130001,江苏民丰农村商业银行股份有限公司,农村商业银行,68
B1263H332060001,江苏启东农村商业银行股份有限公司,农村商业银行,68
B1264H334180001,安徽旌德农村商业银行股份有限公司,农村商业银行,68
B1265H332080001,江苏涟水农村商业银行股份有限公司,农村商业银行,69
B1266H332130001,江苏泗洪农村商业银行股份有限公司,农村商业银行,69
B1267H332090001,江苏响水农村商业银行股份有限公司,农村商业银行,69
B1268H332130001,江苏沭阳农村商业银行股份有限公司,农村商业银行,69
B1269H344060001,广东南海农村商业银行股份有限公司,农村商业银行,69
B1270H334170001,安徽石台农村商业银行股份有限公司,农村商业银行,69
B1272H252010001,贵阳农村商业银行股份有限公司,农村商业银行,69
B1273H314070001,山西寿阳农村商业银行股份有限公司,农村商业银行,69
B1274H314100002,山西侯马农村商业银行股份有限公司,农村商业银行,69
B1275H342030001,湖北武当山农村商业银行股份有限公司,农村商业银行,69
B1276H342120002,湖北通山农村商业银行股份有限公司,农村商业银行,69
B1277H342060001,湖北南漳农村商业银行股份有限公司,农村商业银行,69
B1278H342030001,湖北竹溪农村商业银行股份有限公司,农村商业银行,69
B1279H342030001,湖北房县农村商业银行股份有限公司,农村商业银行,69
B1280H335050001,福建晋江农村商业银行股份有限公司,农村商业银行,70
B1281H337050001,山东利津农村商业银行股份有限公司,农村商业银行,70
B1282H334080001,安徽潜山农村商业银行股份有限公司,农村商业银行,70
B1283H334080001,安徽太湖农村商业银行股份有限公司,农村商业银行,70
B1284H334080001,安徽望江农村商业银行股份有限公司,农村商业银行,70
B1286H332030001,江苏新沂农村商业银行股份有限公司,农村商业银行,70
B1288H235010001,福建福清汇通农村商业银行股份有限公司,农村商业银行,70
B1289H345030001,广西灌阳农村商业银行股份有限公司,农村商业银行,70
B1290H345110001,广西昭平农村商业银行股份有限公司,农村商业银行,70
B1292H332110001,江苏扬中农村商业银行股份有限公司,农村商业银行,70
B1294H314100001,山西乡宁农村商业银行股份有限公司,农村商业银行,70
B1296H334070001,铜陵皖江农村商业银行股份有限公司,农村商业银行,70
B1297H345100001,广西凌云农村商业银行股份有限公司,农村商业银行,70
B1298H336050001,新余农村商业银行股份有限公司,农村商业银行,70
B1299H343070001,常德农村商业银行股份有限公司,农村商业银行,71
B1300H337030001,山东周村农村商业银行股份有限公司,农村商业银行,71
B1302H343070001,湖南安乡农村商业银行股份有限公司,农村商业银行,71
B1303H335050001,福建南安农村商业银行股份有限公司,农村商业银行,71
B1306H335080001,福建龙岩农村商业银行股份有限公司,农村商业银行,71
B1307H343120001,湖南芷江农村商业银行股份有限公司,农村商业银行,71
B1310H344140001,广东大埔农村商业银行股份有限公司,农村商业银行,71
B1312H342080001,湖北荆门农村商业银行股份有限公司,农村商业银行,71
B1313H314030001,山西盂县农村商业银行股份有限公司,农村商业银行,71
B1314H332080001,江苏盱眙农村商业银行股份有限公司,农村商业银行,71
B1316H336070001,赣州农村商业银行股份有限公司,农村商业银行,71
B1317H336090001,宜春农村商业银行股份有限公司,农村商业银行,71
B1318H336040001,共青农村商业银行股份有限公司,农村商业银行,71
B1319H332090001,江苏东台农村商业银行股份有限公司,农村商业银行,71
B1320H334080001,安徽桐城农村商业银行股份有限公司,农村商业银行,72
B1321H337070001,山东昌乐农村商业银行股份有限公司,农村商业银行,72
B1322H314070001,山西榆次农村商业银行股份有限公司,农村商业银行,72
B1323H314080001,山西河津农村商业银行股份有限公司,农村商业银行,72
B1325H332070001,连云港东方农村商业银行股份有限公司,农村商业银行,72
B1327H336080001,江西井冈山农村商业银行股份有限公司,农村商业银行,72
B1328H336040001,九江农村商业银行股份有限公司,农村商业银行,72
B1330H323050001,黑龙江友谊农村商业银行股份有限公司,农村商业银行,72
B1331H342030001,湖北郧西农村商业银行股份有限公司,农村商业银行,72
B1332H342030001,湖北郧县农村商业银行股份有限公司,农村商业银行,72
B1333H237020001,青岛农村商业银行股份有限公司,农村商业银行,72
B1334H221020001,大连农村商业银行股份有限公司,农村商业银行,72
B1335H333050001,浙江德清农村商业银行股份有限公司,农村商业银行,72
B1336H361040001,陕西长武农村商业银行股份有限公司,农村商业银行,72
B1337H337120001,山东莱芜农村商业银行股份有限公司,农村商业银行,73
B1338H313090001,河北黄骅农村商业银行股份有限公司,农村商业银行,73
B1340H363220001,青海门源农村商业银行股份有限公司,农村商业银行,73
B1341H322050001,吉林集安农村商业银行股份有限公司,农村商业银行,73
B1344H361030001,陕西太白农村商业银行股份有限公司,农村商业银行,73
B1345H235020001,厦门农村商业银行股份有限公司,农村商业银行,73
B1346H361080001,陕西府谷农村商业银行股份有限公司,农村商业银行,73
B1347H342090001,湖北大悟农村商业银行股份有限公司,农村商业银行,73
B1348H333070001,浙江义乌农村商业银行股份有限公司,农村商业银行,73
B1349H332060001,江苏如东农村商业银行股份有限公司,农村商业银行,73
B1350H232010001,江苏溧水农村商业银行股份有限公司,农村商业银行,73
B1351H337070001,山东诸城农村商业银行股份有限公司,农村商业银行,73
B1352H361040001,陕西杨凌农村商业银行股份有限公司,农村商业银行,73
B1353H335070001,福建武夷山农村商业银行股份有限公司,农村商业银行,73
B1354H342030001,湖北丹江口农村商业银行股份有限公司,农村商业银行,74
B1355H342050001,湖北长阳农村商业银行股份有限公司,农村商业银行,74
B1356H334140001,巢湖农村商业银行股份有限公司,农村商业银行,74
B1357H242900001,湖北仙桃农村商业银行股份有限公司,农村商业银行,74
B1358H342110001,湖北武穴农村商业银行股份有限公司,农村商业银行,74
B1360H334150001,安徽金寨农村商业银行股份有限公司,农村商业银行,74
B1362H334170001,安徽青阳农村商业银行股份有限公司,农村商业银行,74
B1363H334110001,安徽定远农村商业银行股份有限公司,农村商业银行,74
B1365H342110001,湖北团风农村商业银行股份有限公司,农村商业银行,74
B1366H334040001,淮南通商农村商业银行股份有限公司,农村商业银行,74
B1369H344180001,广东清远农村商业银行股份有限公司,农村商业银行,74
B1370H342130001,湖北随州农村商业银行股份有限公司,农村商业银行,74
B1371H236010001,南昌农村商业银行股份有限公司,农村商业银行,74
B1373H352230001,贵州兴义农村商业银行股份有限公司,农村商业银行,74
B1374H334030001,蚌埠农村商业银行股份有限公司,农村商业银行,75
B1375H334010001,安徽长丰农村商业银行股份有限公司,农村商业银行,75
B1376H343050001,湖南洞口农村商业银行股份有限公司,农村商业银行,75
B1378H342050001,湖北三峡农村商业银行股份有限公司,农村商业银行,75
B1379H334070001,铜陵农村商业银行股份有限公司,农村商业银行,75
B1380H343100001,湖南永兴农村商业银行股份有限公司,农村商业银行,75
B1381H235010001,福建平潭农村商业银行股份有限公司,农村商业银行,75
B1382H344130001,惠州农村商业银行股份有限公司,农村商业银行,75
B1384H344530001,广东新兴农村商业银行股份有限公司,农村商业银行,75
B1385H342050001,湖北枝江农村商业银行股份有限公司,农村商业银行,75
B1386H342050001,湖北当阳农村商业银行股份有限公司,农村商业银行,75
B1387H336060001,鹰潭农村商业银行股份有限公司,农村商业银行,75
B1389H334160001,亳州药都农村商业银行股份有限公司,农村商业银行,75
B1390H343030001,湘潭农村商业银行股份有限公司,农村商业银行,75
B1391H334010001,安徽庐江农村商业银行股份有限公司,农村商业银行,76
B1392H334020001,安徽繁昌农村商业银行股份有限公司,农村商业银行,76
B1393H334180001,安徽绩溪农村商业银行股份有限公司,农村商业银行,76
B1394H233020001,宁波镇海农村商业银行股份有限公司,农村商业银行,76
B1395H332100001,江苏宝应农村商业银行股份有限公司,农村商业银行,76
B1396H352030001,贵州余庆农村商业银行股份有限公司,农村商业银行,76
B1397H343050001,湖南新邵农村商业银行股份有限公司,农村商业银行,76
B1398H332080001,江苏金湖农村商业银行股份有限公司,农村商业银行,76
B1399H337070001,潍坊农村商业银行股份有限公司,农村商业银行,76
B1400H233020001,宁波鄞州农村商业银行股份有限公司,农村商业银行,76
B1401H343120001,湖南会同农村商业银行股份有限公司,农村商业银行,76
B1402H337070001,山东高密农村商业银行股份有限公司,农村商业银行,76
B1405H313070001,河北沽源农村商业银行股份有限公司,农村商业银行,76
B1406H362090001,酒泉农村商业银行股份有限公司,农村商业银行,76
B1408H214010001,山西古交农村商业银行股份有限公司,农村商业银行,77
B1409H332090001,江苏滨海农村商业银行股份有限公司,农村商业银行,77
B1410H343110001,湖南双牌农村商业银行股份有限公司,农村商业银行,77
B1411H314050001,山西高平农村商业银行股份有限公司,农村商业银行,77
B1412H337070001,山东昌邑农村商业银行股份有限公司,农村商业银行,77
B1414H344060001,佛山农村商业银行股份有限公司,农村商业银行,77
B1416H237010001,山东济阳农村商业银行股份有限公司,农村商业银行,77
B1417H332120001,江苏泰兴农村商业银行股份有限公司,农村商业银行,77
B1420H337070001,山东临朐农村商业银行股份有限公司,农村商业银行,77
B1421H313050001,河北邢台农村商业银行股份有限公司,农村商业银行,77
B1422H313050001,河北清河农村商业银行股份有限公司,农村商业银行,77
B1423H344040001,珠海农村商业银行股份有限公司,农村商业银行,77
B1424H334110001,安徽来安农村商业银行股份有限公司,农村商业银行,77
B1425H313100001,河北大厂农村商业银行股份有限公司,农村商业银行,77
B1426H333090001,浙江舟山定海海洋农村商业银行股份有限公司,农村商业银行,78
B1427H337050001,山东垦利农村商业银行股份有限公司,农村商业银行,78
B1428H342050001,湖北远安农村商业银行股份有限公司,农村商业银行,78
B1429H332030001,江苏睢宁农村商业银行股份有限公司,农村商业银行,78
B1430H336100001,抚州农村商业银行股份有限公司,农村商业银行,78
B1431H314040002,山西潞城农村商业银行股份有限公司,农村商业银行,78
B1432H323070001,伊春农村商业银行股份有限公司,农村商业银行,78
B1434H334100001,黄山屯溪农村商业银行股份有限公司,农村商业银行,78
B1437H342030001,湖北十堰农村商业银行股份有限公司,农村商业银行,78
B1438H362080001,甘肃灵台农村商业银行股份有限公司,农村商业银行,78
B1439H222010001,吉林双阳农村商业银行股份有限公司,农村商业银行,78
B1441H344170001,广东阳春农村商业银行股份有限公司,农村商业银行,78
B1442H332070001,江苏灌云农村商业银行股份有限公司,农村商业银行,78
B1443H246010001,海口联合农村商业银行股份有限公司,农村商业银行,78
B1444H337060001,烟台农村商业银行股份有限公司,农村商业银行,79
B1446H333100001,浙江临海农村商业银行股份有限公司,农村商业银行,79
B1447H333060001,浙江诸暨农村商业银行股份有限公司,农村商业银行,79
B1448H334120001,阜阳颍泉农村商业银行股份有限公司,农村商业银行,79
B1449H334100001,安徽黟县农村商业银行股份有限公司,农村商业银行,79
B1452H213010001,河北井陉农村商业银行股份有限公司,农村商业银行,79
B1453H313080001,河北宽城农村商业银行股份有限公司,农村商业银行,79
B1454H313080001,河北滦平农村商业银行股份有限公司,农村商业银行,79
B1455H313080001,河北围场农村商业银行股份有限公司,农村商业银行,79
B1456H313100001,河北文安农村商业银行股份有限公司,农村商业银行,79
B1458H352030001,贵州湄潭农村商业银行股份有限公司,农村商业银行,79
B1459H313090001,河北南皮农村商业银行股份有限公司,农村商业银行,79
B1460H342080001,湖北京山农村商业银行股份有限公司,农村商业银行,79
B1461H362040001,甘肃会宁农村商业银行股份有限公司,农村商业银行,79
B1462H363280001,青海柴达木农村商业银行股份有限公司,农村商业银行,80
B1464H342280001,湖北巴东农村商业银行股份有限公司,农村商业银行,80
B1465H342060001,湖北谷城农村商业银行股份有限公司,农村商业银行,80
B1466H334110001,安徽天长农村商业银行股份有限公司,农村商业银行,80
B1467H342020001,黄石农村商业银行股份有限公司,农村商业银行,80
B1468H332030001,江苏丰县农村商业银行股份有限公司,农村商业银行,80
B1469H334020001,芜湖津盛农村商业银行股份有限公司,农村商业银行,80
B1470H351090001,遂宁农村商业银行股份有限公司,农村商业银行,80
B1472H342060001,湖北老河口农村商业银行股份有限公司,农村商业银行,80
B1473H336100001,江西广昌农村商业银行股份有限公司,农村商业银行,80
B1474H333040001,浙江禾城农村商业银行股份有限公司,农村商业银行,80
B1475H233010001,浙江建德农村商业银行股份有限公司,农村商业银行,80
B1476H363280001,青海格尔木农村商业银行股份有限公司,农村商业银行,80
B1477H333030001,浙江温州龙湾农村商业银行股份有限公司,农村商业银行,80
B1478H345100001,广西隆林农村商业银行股份有限公司,农村商业银行,81
B1479H322240001,吉林龙井农村商业银行股份有限公司,农村商业银行,81
B1481H314080001,山西运城农村商业银行股份有限公司,农村商业银行,81
B1483H353290001,云南洱源农村商业银行股份有限公司,农村商业银行,81
B1484H334120001,安徽界首农村商业银行股份有限公司,农村商业银行,81
B1485H332030001,江苏沛县农村商业银行股份有限公司,农村商业银行,81
B1486H353290001,云南祥云农村商业银行股份有限公司,农村商业银行,81
B1487H342100001,湖北江陵农村商业银行股份有限公司,农村商业银行,81
B1488H323060001,黑龙江林甸农村商业银行股份有限公司,农村商业银行,81
B1489H352030001,贵州遵义农村商业银行股份有限公司,农村商业银行,81
B1490H253010001,云南嵩明农村商业银行股份有限公司,农村商业银行,81
B1491H323110001,黑龙江北安农村商业银行股份有限公司,农村商业银行,81
B1492H253010001,云南寻甸农村商业银行股份有限公司,农村商业银行,81
B1493H353080001,云南景东农村商业银行股份有限公司,农村商业银行,81
B1494H314080001,山西垣曲农村商业银行股份有限公司,农村商业银行,82
B1495H343130001,湖南涟源农村商业银行股份有限公司,农村商业银行,82
B1496H353230001,云南南华农村商业银行股份有限公司,农村商业银行,82
B1497H353230001,云南禄丰农村商业银行股份有限公司,农村商业银行,82
B1498H314070001,山西左权农村商业银行股份有限公司,农村商业银行,82
B1499H353050001,云南昌宁农村商业银行股份有限公司,农村商业银行,82
B1501H353090001,云南凤庆农村商业银行股份有限公司,农村商业银行,82
B1503H353070001,云南永胜农村商业银行股份有限公司,农村商业银行,82
B1504H333040001,浙江海盐农村商业银行股份有限公司,农村商业银行,82
B1505H314090001,山西繁峙农村商业银行股份有限公司,农村商业银行,82
B1506H353060001,云南昭通昭阳农村商业银行股份有限公司,农村商业银行,82
B1507H336100001,江西南城农村商业银行股份有限公司,农村商业银行,82
B1508H336100001,江西崇仁农村商业银行股份有限公司,农村商业银行,82
B1509H336100001,江西资溪农村商业银行股份有限公司,农村商业银行,82
B1510H314110001,山西孝义农村商业银行股份有限公司,农村商业银行,83
B1511H333050001,湖州吴兴农村商业银行股份有限公司,农村商业银行,83
B1512H353260001,云南文山市农村商业银行股份有限公司,农村商业银行,83
B1513H353030001,云南陆良农村商业银行股份有限公司,农村商业银行,83
B1514H353030001,云南罗平农村商业银行股份有限公司,农村商业银行,83
B1515H353040001,云南通海农村商业银行股份有限公司,农村商业银行,83
B1516H353040001,云南易门农村商业银行股份有限公司,农村商业银行,83
B1517H353250002,云南河口农村商业银行股份有限公司,农村商业银行,83
B1518H353250001,云南弥勒农村商业银行股份有限公司,农村商业银行,83
B1520H353280001,云南勐腊农村商业银行股份有限公司,农村商业银行,83
B1521H314080001,山西平陆农村商业银行股份有限公司,农村商业银行,83
B1524H313060001,河北涞水农村商业银行股份有限公司,农村商业银行,83
B1525H336110001,江西弋阳农村商业银行股份有限公司,农村商业银行,83
B1526H336110001,江西余干农村商业银行股份有限公司,农村商业银行,83
B1527H336110001,江西横峰农村商业银行股份有限公司,农村商业银行,84
B1528H336110001,江西铅山农村商业银行股份有限公司,农村商业银行,84
B1529H336110001,江西广信农村商业银行股份有限公司,农村商业银行,84
B1530H336110001,江西鄱阳农村商业银行股份有限公司,农村商业银行,84
B1531H336110001,江西万年农村商业银行股份有限公司,农村商业银行,84
B1532H336040001,江西湖口农村商业银行股份有限公司,农村商业银行,84
B1533H336040001,江西都昌农村商业银行股份有限公司,农村商业银行,84
B1534H336110001,江西广丰农村商业银行股份有限公司,农村商业银行,84
B1536H236010001,江西进贤农村商业银行股份有限公司,农村商业银行,84
B1537H322080001,吉林镇赉农村商业银行股份有限公司,农村商业银行,84
B1538H322020001,吉林桦甸农村商业银行股份有限公司,农村商业银行,84
B1539H341170001,驻马店农村商业银行股份有限公司,农村商业银行,84
B1543H323060001,黑龙江肇州农村商业银行股份有限公司,农村商业银行,84
B1545H341170001,河南遂平农村商业银行股份有限公司,农村商业银行,84
B1546H323270001,黑龙江呼玛农村商业银行股份有限公司,农村商业银行,85
B1547H323270001,黑龙江塔河农村商业银行股份有限公司,农村商业银行,85
B1548H323270001,黑龙江漠河农村商业银行股份有限公司,农村商业银行,85
B1549H351070001,四川平武农村商业银行股份有限公司,农村商业银行,85
B1550H351070001,四川三台农村商业银行股份有限公司,农村商业银行,85
B1552H323060001,黑龙江杜尔伯特农村商业银行股份有限公司,农村商业银行,85
B1553H323110001,黑龙江逊克农村商业银行股份有限公司,农村商业银行,85
B1554H323080001,黑龙江同江农村商业银行股份有限公司,农村商业银行,85
B1555H323020001,黑龙江泰来农村商业银行股份有限公司,农村商业银行,85
B1556H323020001,黑龙江讷河农村商业银行股份有限公司,农村商业银行,85
B1559H333070001,浙江浦江农村商业银行股份有限公司,农村商业银行,85
B1562H336040001,江西庐山农村商业银行股份有限公司,农村商业银行,85
B1564H362080001,甘肃庄浪农村商业银行股份有限公司,农村商业银行,85
B1565H362080001,甘肃静宁农村商业银行股份有限公司,农村商业银行,85
B1566H362080001,甘肃华亭农村商业银行股份有限公司,农村商业银行,86
B1567H322040001,吉林东丰农村商业银行股份有限公司,农村商业银行,86
B1568H322050001,吉林通化海科农村商业银行股份有限公司,农村商业银行,86
B1569H322060001,吉林浑江农村商业银行股份有限公司,农村商业银行,86
B1570H343060001,湖南汨罗农村商业银行股份有限公司,农村商业银行,86
B1571H333070001,浙江磐安农村商业银行股份有限公司,农村商业银行,86
B1573H223010001,黑龙江五常农村商业银行股份有限公司,农村商业银行,86
B1575H362110001,甘肃陇西农村商业银行股份有限公司,农村商业银行,86
B1576H362110001,甘肃岷县农村商业银行股份有限公司,农村商业银行,86
B1577H362070001,甘肃山丹农村商业银行股份有限公司,农村商业银行,86
B1578H362060001,甘肃天祝农村商业银行股份有限公司,农村商业银行,86
B1579H362060001,甘肃古浪农村商业银行股份有限公司,农村商业银行,86
B1580H362030001,甘肃永昌农村商业银行股份有限公司,农村商业银行,86
B1581H362090001,甘肃玉门农村商业银行股份有限公司,农村商业银行,86
B1582H362120001,甘肃康县农村商业银行股份有限公司,农村商业银行,87
B1584H362120001,甘肃两当农村商业银行股份有限公司,农村商业银行,87
B1585H333080001,浙江衢州衢江农村商业银行股份有限公司,农村商业银行,87
B1586H333080001,浙江龙游农村商业银行股份有限公司,农村商业银行,87
B1587H313020001,河北玉田农村商业银行股份有限公司,农村商业银行,87
B1590H343020001,株洲农村商业银行股份有限公司,农村商业银行,87
B1591H341170001,河南上蔡农村商业银行股份有限公司,农村商业银行,87
B1592H352030001,贵州桐梓农村商业银行股份有限公司,农村商业银行,87
B1594H314100001,山西洪洞农村商业银行股份有限公司,农村商业银行,87
B1595H352270001,贵州三都农村商业银行股份有限公司,农村商业银行,87
B1597H362030001,金昌农村商业银行股份有限公司,农村商业银行,87
B1599H351140001,眉山农村商业银行股份有限公司,农村商业银行,87
B1601H333110001,浙江松阳农村商业银行股份有限公司,农村商业银行,87
B1602H343060001,湖南临湘农村商业银行股份有限公司,农村商业银行,87
B1603H323120001,黑龙江明水农村商业银行股份有限公司,农村商业银行,88
B1604H351050001,四川泸县农村商业银行股份有限公司,农村商业银行,88
B1605H313110001,河北景州农村商业银行股份有限公司,农村商业银行,88
B1608H333110001,浙江龙泉农村商业银行股份有限公司,农村商业银行,88
B1609H363250001,青海同德农村商业银行股份有限公司,农村商业银行,88
B1610H314070001,山西太谷农村商业银行股份有限公司,农村商业银行,88
B1612H352230001,贵州普安农村商业银行股份有限公司,农村商业银行,88
B1613H352230001,贵州晴隆农村商业银行股份有限公司,农村商业银行,88
B1614H363250001,青海兴海农村商业银行股份有限公司,农村商业银行,88
B1615H363230001,青海同仁农村商业银行股份有限公司,农村商业银行,88
B1616H313070001,河北张北农村商业银行股份有限公司,农村商业银行,88
B1617H245010001,广西马山农村商业银行股份有限公司,农村商业银行,88
B1620H351030001,自贡农村商业银行股份有限公司,农村商业银行,88
B1622H343090001,湖南沅江农村商业银行股份有限公司,农村商业银行,88
B1624H314080001,山西稷山农村商业银行股份有限公司,农村商业银行,89
B1626H313060001,河北涿州农村商业银行股份有限公司,农村商业银行,89
B1632H345100001,广西田林农村商业银行股份有限公司,农村商业银行,89
B1633H333100001,浙江三门农村商业银行股份有限公司,农村商业银行,89
B1634H351160001,广安农村商业银行股份有限公司,农村商业银行,89
B1635H333110001,浙江遂昌农村商业银行股份有限公司,农村商业银行,89
B1636H363280001,青海都兰农村商业银行股份有限公司,农村商业银行,89
B1637H233010001,浙江淳安农村商业银行股份有限公司,农村商业银行,89
B1638H361090001,安康农村商业银行股份有限公司,农村商业银行,89
B1640H323110001,黑龙江嫩江农村商业银行股份有限公司,农村商业银行,89
B1641H323110001,黑龙江五大连池农村商业银行股份有限公司,农村商业银行,89
B1642H351050001,泸州农村商业银行股份有限公司,农村商业银行,89
B1643H341170001,河南新蔡农村商业银行股份有限公司,农村商业银行,89
B1644H363220001,青海祁连农村商业银行股份有限公司,农村商业银行,89
B1645H333030001,浙江温州洞头农村商业银行股份有限公司,农村商业银行,90
B1647H333090001,浙江嵊泗农村商业银行股份有限公司,农村商业银行,90
B1648H314020001,山西左云农村商业银行股份有限公司,农村商业银行,90
B1650H344090001,广东信宜农村商业银行股份有限公司,农村商业银行,90
B1653H364030001,宁夏同心农村商业银行股份有限公司,农村商业银行,90
B1656H364030001,宁夏盐池农村商业银行股份有限公司,农村商业银行,90
B1657H351100001,内江农村商业银行股份有限公司,农村商业银行,90
B1658H333100001,浙江台州路桥农村商业银行股份有限公司,农村商业银行,90
B1660H313080001,河北丰宁农村商业银行股份有限公司,农村商业银行,90
B1663H245010001,广西上林农村商业银行股份有限公司,农村商业银行,90
B1664H364050001,宁夏中宁农村商业银行股份有限公司,农村商业银行,90
B1665H323020001,黑龙江克东农村商业银行股份有限公司,农村商业银行,90
B1666H323030001,黑龙江鸡东农村商业银行股份有限公司,农村商业银行,90
B1667H223010001,黑龙江方正农村商业银行股份有限公司,农村商业银行,90
B1668H223010001,黑龙江通河农村商业银行股份有限公司,农村商业银行,91
B1669H333110001,浙江缙云农村商业银行股份有限公司,农村商业银行,91
B1670H341100001,河南襄城农村商业银行股份有限公司,农村商业银行,91
B1675H313020001,河北滦州农村商业银行股份有限公司,农村商业银行,91
B1676H351200001,资阳农村商业银行股份有限公司,农村商业银行,91
B1678H314100001,山西曲沃农村商业银行股份有限公司,农村商业银行,91
B1679H341100001,许昌农村商业银行股份有限公司,农村商业银行,91
B1680H333070001,浙江兰溪农村商业银行股份有限公司,农村商业银行,91
B1681H361060001,陕西子长农村商业银行股份有限公司,农村商业银行,91
B1682H364040001,宁夏彭阳农村商业银行股份有限公司,农村商业银行,91
B1685H314040001,山西黎城农村商业银行股份有限公司,农村商业银行,91
B1688H343100001,湖南嘉禾农村商业银行股份有限公司,农村商业银行,91
B1689H343040001,湖南祁东农村商业银行股份有限公司,农村商业银行,91
B1690H341060001,河南浚县农村商业银行股份有限公司,农村商业银行,91
B1692H345100001,广西西林农村商业银行股份有限公司,农村商业银行,92
B1693H313040001,河北大名农村商业银行股份有限公司,农村商业银行,92
B1698H314110001,山西柳林农村商业银行股份有限公司,农村商业银行,92
B1699H353290001,云南宾川农村商业银行股份有限公司,农村商业银行,92
B1700H343020001,湖南株洲珠江农村商业银行股份有限公司,农村商业银行,92
B1702H314070001,晋中开发区农村商业银行股份有限公司,农村商业银行,92
B1704H353070001,云南玉龙农村商业银行股份有限公司,农村商业银行,92
B1705H314070001,山西榆社农村商业银行股份有限公司,农村商业银行,92
B1706H353070001,丽江古城农村商业银行股份有限公司,农村商业银行,92
B1707H353080001,云南普洱思茅农村商业银行股份有限公司,农村商业银行,92
B1708H353290001,云南大理市农村商业银行股份有限公司,农村商业银行,92
B1709H353290001,云南云龙农村商业银行股份有限公司,农村商业银行,92
B1710H314110001,山西兴县农村商业银行股份有限公司,农村商业银行,92
B1711H333110001,浙江庆元农村商业银行股份有限公司,农村商业银行,92
B1712H323050001,黑龙江集贤农村商业银行股份有限公司,农村商业银行,93
B1713H323050001,黑龙江饶河农村商业银行股份有限公司,农村商业银行,93
B1714H333110001,浙江云和农村商业银行股份有限公司,农村商业银行,93
B1715H333100001,浙江仙居农村商业银行股份有限公司,农村商业银行,93
B1716H313050001,河北临西农村商业银行股份有限公司,农村商业银行,93
B1717H351140001,四川丹棱农村商业银行股份有限公司,农村商业银行,93
B1718H351060001,德阳农村商业银行股份有限公司,农村商业银行,93
B1720H343100001,湖南桂阳农村商业银行股份有限公司,农村商业银行,93
B1721H362080001,甘肃崇信农村商业银行股份有限公司,农村商业银行,93
B1725H313100001,河北香河农村商业银行股份有限公司,农村商业银行,93
B1727H252010001,贵州修文农村商业银行股份有限公司,农村商业银行,93
B1728H252010001,贵州息烽农村商业银行股份有限公司,农村商业银行,93
B1729H333080001,浙江开化农村商业银行股份有限公司,农村商业银行,93
B1730H363220001,青海海晏农村商业银行股份有限公司,农村商业银行,93
B1731H363220001,青海刚察农村商业银行股份有限公司,农村商业银行,94
B1732H352240001,贵州赫章农村商业银行股份有限公司,农村商业银行,94
B1733H333080001,浙江常山农村商业银行股份有限公司,农村商业银行,94
B1734H363250001,青海贵南农村商业银行股份有限公司,农村商业银行,94
B1737H345060001,广西上思农村商业银行股份有限公司,农村商业银行,94
B1739H245010001,广西隆安农村商业银行股份有限公司,农村商业银行,94
B1740H313050001,河北广宗农村商业银行股份有限公司,农村商业银行,94
B1741H313050001,河北任县农村商业银行股份有限公司,农村商业银行,94
B1744H313070001,张家口农村商业银行股份有限公司,农村商业银行,94
B1745H344160001,广东紫金农村商业银行股份有限公司,农村商业银行,94
B1746H344160001,广东连平农村商业银行股份有限公司,农村商业银行,94
B1747H353040001,云南新平农村商业银行股份有限公司,农村商业银行,94
B1748H344080001,广东雷州农村商业银行股份有限公司,农村商业银行,94
B1749H353090001,云南临沧临翔农村商业银行股份有限公司,农村商业银行,94
B1750H314090001,山西神池农村商业银行股份有限公司,农村商业银行,95
B1751H314060001,朔州农村商业银行股份有限公司,农村商业银行,95
B1752H314060001,山西怀仁农村商业银行股份有限公司,农村商业银行,95
B1753H313110001,河北安平农村商业银行股份有限公司,农村商业银行,95
B1754H345090001,广西陆川农村商业银行股份有限公司,农村商业银行,95
B1756H313110001,河北枣强农村商业银行股份有限公司,农村商业银行,95
B1757H313110001,河北深州农村商业银行股份有限公司,农村商业银行,95
B1758H314090001,山西岢岚农村商业银行股份有限公司,农村商业银行,95
B1759H314040001,山西沁源农村商业银行股份有限公司,农村商业银行,95
B1760H263010001,青海湟源农村商业银行股份有限公司,农村商业银行,95
B1762H313050001,河北巨鹿农村商业银行股份有限公司,农村商业银行,95
B1763H353230001,云南大姚农村商业银行股份有限公司,农村商业银行,95
B1764H313070001,河北涿鹿农村商业银行股份有限公司,农村商业银行,95
B1765H313050001,河北邢州农村商业银行股份有限公司,农村商业银行,95
B1766H353060001,云南威信农村商业银行股份有限公司,农村商业银行,96
B1767H344180001,广东清新农村商业银行股份有限公司,农村商业银行,96
B1768H352260001,贵州丹寨农村商业银行股份有限公司,农村商业银行,96
B1769H313050001,河北柏乡农村商业银行股份有限公司,农村商业银行,96
B1770H352030001,贵州道真农村商业银行股份有限公司,农村商业银行,96
B1772H353290001,云南巍山农村商业银行股份有限公司,农村商业银行,96
B1773H341170001,河南泌阳农村商业银行股份有限公司,农村商业银行,96
B1774H313020001,河北滦南农村商业银行股份有限公司,农村商业银行,96
B1775H313060001,河北保定农村商业银行股份有限公司,农村商业银行,96
B1776H344070001,江门农村商业银行股份有限公司,农村商业银行,96
B1778H353060001,云南水富农村商业银行股份有限公司,农村商业银行,96
B1779H353250001,云南建水农村商业银行股份有限公司,农村商业银行,96
B1780H233020001,宁波北仑农村商业银行股份有限公司,农村商业银行,96
B1781H353040001,云南玉溪红塔农村商业银行股份有限公司,农村商业银行,96
B1782H352030001,贵州凤冈农村商业银行股份有限公司,农村商业银行,97
B1783H352030001,贵州务川农村商业银行股份有限公司,农村商业银行,97
B1784H353280001,云南景洪农村商业银行股份有限公司,农村商业银行,97
B1785H344120001,广东怀集农村商业银行股份有限公司,农村商业银行,97
B1786H323020001,齐齐哈尔农村商业银行股份有限公司,农村商业银行,97
B1788H352040001,贵州普定农村商业银行股份有限公司,农村商业银行,97
B1789H314050001,山西沁水农村商业银行股份有限公司,农村商业银行,97
B1790H344140001,梅州农村商业银行股份有限公司,农村商业银行,97
B1791H313030001,河北卢龙农村商业银行股份有限公司,农村商业银行,97
B1792H344120001,广东广宁农村商业银行股份有限公司,农村商业银行,97
B1794H313080001,河北承德热河农村商业银行股份有限公司,农村商业银行,97
B1795H344160001,广东龙川农村商业银行股份有限公司,农村商业银行,97
B1796H323050001,黑龙江宝清农村商业银行股份有限公司,农村商业银行,97
B1797H344140001,广东丰顺农村商业银行股份有限公司,农村商业银行,97
B1798H353090001,云南云县农村商业银行股份有限公司,农村商业银行,98
B1799H313040001,河北鸡泽农村商业银行股份有限公司,农村商业银行,98
B1801H313100001,河北三河农村商业银行股份有限公司,农村商业银行,98
B1802H363230001,青海河南农村商业银行股份有限公司,农村商业银行,98
B1803H363250001,青海贵德农村商业银行股份有限公司,农村商业银行,98
B1804H314090001,山西河曲农村商业银行股份有限公司,农村商业银行,98
B1805H314090002,山西原平农村商业银行股份有限公司,农村商业银行,98
B1806H323020001,黑龙江富裕农村商业银行股份有限公司,农村商业银行,98
B1807H353040001,云南华宁农村商业银行股份有限公司,农村商业银行,98
B1808H344140001,广东蕉岭农村商业银行股份有限公司,农村商业银行,98
B1810H344160001,广东和平农村商业银行股份有限公司,农村商业银行,98
B1811H351150001,宜宾农村商业银行股份有限公司,农村商业银行,98
B1812H314040001,山西沁县农村商业银行股份有限公司,农村商业银行,98
B1813H313020001,河北迁安农村商业银行股份有限公司,农村商业银行,98
B1814H314020001,大同农村商业银行股份有限公司,农村商业银行,99
B1815H323080001,黑龙江汤原农村商业银行股份有限公司,农村商业银行,99
B1819H344530001,广东罗定农村商业银行股份有限公司,农村商业银行,99
B1820H344180001,广东佛冈农村商业银行股份有限公司,农村商业银行,99
B1821H344050001,广东南澳农村商业银行股份有限公司,农村商业银行,99
B1822H313100001,河北霸州农村商业银行股份有限公司,农村商业银行,99
B1823H323040001,黑龙江绥滨农村商业银行股份有限公司,农村商业银行,99
B1824H313070001,河北阳原农村商业银行股份有限公司,农村商业银行,99
B1827H313060001,河北安国农村商业银行股份有限公司,农村商业银行,99
B1828H363210001,青海循化农村商业银行股份有限公司,农村商业银行,99
B1829H335070002,福建建瓯农村商业银行股份有限公司,农村商业银行,99
B1830H213010001,河北平山农村商业银行股份有限公司,农村商业银行,99
B1831H345070001,广西浦北农村商业银行股份有限公司,农村商业银行,99
B1832H344180001,广东阳山农村商业银行股份有限公司,农村商业银行,99
B1833H344020001,广东新丰农村商业银行股份有限公司,农村商业银行,100
B1834H344070001,广东鹤山农村商业银行股份有限公司,农村商业银行,100
B1835H344140001,广东五华农村商业银行股份有限公司,农村商业银行,100
B1836H344140001,广东兴宁农村商业银行股份有限公司,农村商业银行,100
B1837H344020001,广东乳源农村商业银行股份有限公司,农村商业银行,100
B1838H344080001,广东遂溪农村商业银行股份有限公司,农村商业银行,100
B1839H314070001,山西昔阳农村商业银行股份有限公司,农村商业银行,100
B1840H344020001,广东始兴农村商业银行股份有限公司,农村商业银行,100
B1841H323020001,黑龙江克山农村商业银行股份有限公司,农村商业银行,100
B1842H313100001,河北固安农村商业银行股份有限公司,农村商业银行,100
B1843H344180001,广东连州农村商业银行股份有限公司,农村商业银行,100
B1844H363260001,青海果洛农村商业银行股份有限公司,农村商业银行,100
B1845H352260001,贵州镇远农村商业银行股份有限公司,农村商业银行,100
B1846H313100001,河北永清农村商业银行股份有限公司,农村商业银行,100
B1850H343060001,湖南岳阳巴陵农村商业银行股份有限公司,农村商业银行,101
B1852H363280001,青海乌兰农村商业银行股份有限公司,农村商业银行,101
B1853H344020001,广东乐昌农村商业银行股份有限公司,农村商业银行,101
B1854H213010001,河北元氏农村商业银行股份有限公司,农村商业银行,101
B1856H213010001,河北灵寿农村商业银行股份有限公司,农村商业银行,101
B1857H341170001,河南平舆农村商业银行股份有限公司,农村商业银行,101
B1859H314070001,山西和顺农村商业银行股份有限公司,农村商业银行,101
B1860H263010001,青海湟中农村商业银行股份有限公司,农村商业银行,101
B1861H314080001,山西万荣农村商业银行股份有限公司,农村商业银行,101
B1862H344090001,广东高州农村商业银行股份有限公司,农村商业银行,101
B1863H352220001,贵州玉屏农村商业银行股份有限公司,农村商业银行,101
B1864H314090001,山西保德农村商业银行股份有限公司,农村商业银行,101
B1865H314090001,山西静乐农村商业银行股份有限公司,农村商业银行,101
B1866H344180001,广东连南农村商业银行股份有限公司,农村商业银行,101
B1867H353260001,云南广南农村商业银行股份有限公司,农村商业银行,102
B1868H353260001,云南马关农村商业银行股份有限公司,农村商业银行,102
B1869H344180001,广东连山农村商业银行股份有限公司,农村商业银行,102
B1870H344510001,潮州农村商业银行股份有限公司,农村商业银行,102
B1871H344020001,广东仁化农村商业银行股份有限公司,农村商业银行,102
B1872H363210001,青海民和农村商业银行股份有限公司,农村商业银行,102
B1874H344070001,广东开平农村商业银行股份有限公司,农村商业银行,102
B1875H344120001,广东封开农村商业银行股份有限公司,农村商业银行,102
B1876H344020001,广东南雄农村商业银行股份有限公司,农村商业银行,102
B1878H344080001,广东徐闻农村商业银行股份有限公司,农村商业银行,102
B1879H344180001,广东英德农村商业银行股份有限公司,农村商业银行,102
B1880H314100001,山西隰县农村商业银行股份有限公司,农村商业银行,102
B1881H314100001,山西永和农村商业银行股份有限公司,农村商业银行,102
B1882H323120001,黑龙江庆安农村商业银行股份有限公司,农村商业银行,102
B1884H344150001,广东陆河农村商业银行股份有限公司,农村商业银行,103
B1885H314100001,山西安泽农村商业银行股份有限公司,农村商业银行,103
B1886H314110001,山西岚县农村商业银行股份有限公司,农村商业银行,103
B1889H344120001,广东德庆农村商业银行股份有限公司,农村商业银行,103
B1890H344070001,广东台山农村商业银行股份有限公司,农村商业银行,103
B1892H344150001,广东海丰农村商业银行股份有限公司,农村商业银行,103
B1894H333060001,浙江绍兴恒信农村商业银行股份有限公司,农村商业银行,103
B1895H344150001,广东陆丰农村商业银行股份有限公司,农村商业银行,103
B1899H344170001,广东阳西农村商业银行股份有限公司,农村商业银行,103
B1900H353050001,云南龙陵农村商业银行股份有限公司,农村商业银行,103
B1901H345030001,广西灵川农村商业银行股份有限公司,农村商业银行,103
B1902H344090001,广东化州农村商业银行股份有限公司,农村商业银行,103
B1903H353050001,云南施甸农村商业银行股份有限公司,农村商业银行,103
B1904H363230001,青海尖扎农村商业银行股份有限公司,农村商业银行,103
B1905H363230001,青海泽库农村商业银行股份有限公司,农村商业银行,104
B1907H344080001,湛江农村商业银行股份有限公司,农村商业银行,104
B1908H314020001,山西灵丘农村商业银行股份有限公司,农村商业银行,104
B1910H352220001,贵州印江农村商业银行股份有限公司,农村商业银行,104
B1911H364040001,宁夏泾源农村商业银行股份有限公司,农村商业银行,104
B1912H352270001,贵州贵定农村商业银行股份有限公司,农村商业银行,104
B1913H344080001,广东廉江农村商业银行股份有限公司,农村商业银行,104
B1915H363280001,青海天峻农村商业银行股份有限公司,农村商业银行,104
B1916H314030001,阳泉农村商业银行股份有限公司,农村商业银行,104
B1917H353070001,云南宁蒗农村商业银行股份有限公司,农村商业银行,104
B1919H363210001,青海化隆农村商业银行股份有限公司,农村商业银行,104
B1920H364050001,宁夏海原农村商业银行股份有限公司,农村商业银行,104
B1921H352260001,贵州剑河农村商业银行股份有限公司,农村商业银行,104
B1922H353080001,云南孟连农村商业银行股份有限公司,农村商业银行,104
B1923H314060001,山西右玉农村商业银行股份有限公司,农村商业银行,105
B1925H323120001,黑龙江安达农村商业银行股份有限公司,农村商业银行,105
B1926H345120001,广西巴马农村商业银行股份有限公司,农村商业银行,105
B1927H314090001,山西宁武农村商业银行股份有限公司,农村商业银行,105
B1928H314090001,山西五寨农村商业银行股份有限公司,农村商业银行,105
B1929H322080001,吉林通榆农村商业银行股份有限公司,农村商业银行,105
B1930H344090001,广东茂名农村商业银行股份有限公司,农村商业银行,105
B1931H314100001,山西大宁农村商业银行股份有限公司,农村商业银行,105
B1933H344080001,广东吴川农村商业银行股份有限公司,农村商业银行,105
B1935H353060001,云南彝良农村商业银行股份有限公司,农村商业银行,105
B1936H213010001,石家庄鹿泉农村商业银行股份有限公司,农村商业银行,105
B1937H345030001,广西荔浦农村商业银行股份有限公司,农村商业银行,105
B1938H344170001,阳江农村商业银行股份有限公司,农村商业银行,105
B1939H314090001,山西定襄农村商业银行股份有限公司,农村商业银行,105
B1940H344120001,肇庆农村商业银行股份有限公司,农村商业银行,106
B1942H353290001,云南永平农村商业银行股份有限公司,农村商业银行,106
B1943H345020001,广西融水农村商业银行股份有限公司,农村商业银行,106
B1944H361030001,陕西岐山农村商业银行股份有限公司,农村商业银行,106
B1945H361030001,陕西宝鸡金台农村商业银行股份有限公司,农村商业银行,106
B1946H314070001,山西祁县农村商业银行股份有限公司,农村商业银行,106
B1947H353290001,云南弥渡农村商业银行股份有限公司,农村商业银行,106
B1948H353230001,云南元谋农村商业银行股份有限公司,农村商业银行,106
B1951H323120001,绥化农村商业银行股份有限公司,农村商业银行,106
B1953H314020001,山西云州农村商业银行股份有限公司,农村商业银行,106
B1955H314100001,山西古县农村商业银行股份有限公司,农村商业银行,106
B1956H314100001,山西吉县农村商业银行股份有限公司,农村商业银行,106
B1957H314020001,山西浑源农村商业银行股份有限公司,农村商业银行,106
B1960H314030001,山西平定农村商业银行股份有限公司,农村商业银行,106
B1961H353030001,云南会泽农村商业银行股份有限公司,农村商业银行,107
B1962H314080001,山西新绛农村商业银行股份有限公司,农村商业银行,107
B1963H345120001,广西罗城农村商业银行股份有限公司,农村商业银行,107
B1966H344020001,韶关农村商业银行股份有限公司,农村商业银行,107
B1968H335050001,福建安溪农村商业银行股份有限公司,农村商业银行,107
B1969H344520001,广东惠来农村商业银行股份有限公司,农村商业银行,107
B1970H353290001,云南鹤庆农村商业银行股份有限公司,农村商业银行,107
B1971H361070001,陕西佛坪农村商业银行股份有限公司,农村商业银行,107
B1972H335040001,福建永安农村商业银行股份有限公司,农村商业银行,107
B1974H314110001,吕梁农村商业银行股份有限公司,农村商业银行,107
B1975H353050001,云南隆阳农村商业银行股份有限公司,农村商业银行,107
B1976H353040001,云南澄江农村商业银行股份有限公司,农村商业银行,107
B1977H344530001,广东云浮农村商业银行股份有限公司,农村商业银行,107
B1978H335030001,福建仙游农村商业银行股份有限公司,农村商业银行,107
B1979H353260001,云南砚山农村商业银行股份有限公司,农村商业银行,108
B1980H353260001,云南麻栗坡农村商业银行股份有限公司,农村商业银行,108
B1982H332030001,徐州农村商业银行股份有限公司,农村商业银行,108
B1984H353230001,云南双柏农村商业银行股份有限公司,农村商业银行,108
B1985H345040001,广西苍梧农村商业银行股份有限公司,农村商业银行,108
B1988H314100001,山西霍州农村商业银行股份有限公司,农村商业银行,108
B1989H335060001,福建漳浦农村商业银行股份有限公司,农村商业银行,108
B1990H353080001,云南镇沅农村商业银行股份有限公司,农村商业银行,108
B1991H314100001,山西蒲县农村商业银行股份有限公司,农村商业银行,108
B1992H351330001,甘孜农村商业银行股份有限公司,农村商业银行,108
B1993H345120001,广西都安农村商业银行股份有限公司,农村商业银行,108
B1995H352230001,贵州册亨农村商业银行股份有限公司,农村商业银行,108
B1996H352230001,贵州望谟农村商业银行股份有限公司,农村商业银行,108
B1997H344050001,汕头海湾农村商业银行股份有限公司,农村商业银行,108
B1998H344050001,广东澄海农村商业银行股份有限公司,农村商业银行,109
B1999H345080001,广西贵港农村商业银行股份有限公司,农村商业银行,109
B2000H314090001,山西偏关农村商业银行股份有限公司,农村商业银行,109
B2001H352220001,贵州德江农村商业银行股份有限公司,农村商业银行,109
B2002H361080001,陕西榆林农村商业银行股份有限公司,农村商业银行,109
B2006H352040001,贵州镇宁农村商业银行股份有限公司,农村商业银行,109
B2007H352030001,贵州习水农村商业银行股份有限公司,农村商业银行,109
B2010H314060001,山西应县农村商业银行股份有限公司,农村商业银行,109
B2011H344050001,广东潮阳农村商业银行股份有限公司,农村商业银行,109
B2012H344530001,广东郁南农村商业银行股份有限公司,农村商业银行,109
B2015H233020001,宁波甬城农村商业银行股份有限公司,农村商业银行,109
B2016H351070001,四川江油农村商业银行股份有限公司,农村商业银行,109
B2017H335070001,福建邵武农村商业银行股份有限公司,农村商业银行,109
B2018H245010001,广西宾阳农村商业银行股份有限公司,农村商业银行,109
B2019H364040001,宁夏隆德农村商业银行股份有限公司,农村商业银行,110
B2020H364030001,宁夏红寺堡农村商业银行股份有限公司,农村商业银行,110
B2022H353250001,云南元阳农村商业银行股份有限公司,农村商业银行,110
B2023H235010001,福建连江农村商业银行股份有限公司,农村商业银行,110
B2024H322040001,辽源农村商业银行股份有限公司,农村商业银行,110
B2025H345020001,广西三江农村商业银行股份有限公司,农村商业银行,110
B2030H363210001,青海海东农村商业银行股份有限公司,农村商业银行,110
B2031H214010001,山西娄烦农村商业银行股份有限公司,农村商业银行,110
B2032H314110001,山西汾阳农村商业银行股份有限公司,农村商业银行,110
B2034H323080001,黑龙江桦南农村商业银行股份有限公司,农村商业银行,110
B2035H353290001,云南剑川农村商业银行股份有限公司,农村商业银行,110
B2038H353060001,云南巧家农村商业银行股份有限公司,农村商业银行,110
B2039H323120001,黑龙江青冈农村商业银行股份有限公司,农村商业银行,110
B2042H353280001,云南勐海农村商业银行股份有限公司,农村商业银行,110
B2043H333030001,浙江龙港农村商业银行股份有限公司,农村商业银行,111
B2044H214010001,太原农村商业银行股份有限公司,农村商业银行,111
B2046H323100001,黑龙江林口农村商业银行股份有限公司,农村商业银行,111
B2047H345030001,广西永福农村商业银行股份有限公司,农村商业银行,111
B2048H223010001,黑龙江木兰农村商业银行股份有限公司,农村商业银行,111
B2049H323090001,黑龙江勃利农村商业银行股份有限公司,农村商业银行,111
B2050H323050001,双鸭山农村商业银行股份有限公司,农村商业银行,111
B2051H351070001,绵阳农村商业银行股份有限公司,农村商业银行,111
B2052H323070001,黑龙江嘉荫农村商业银行股份有限公司,农村商业银行,111
B2053H323070001,黑龙江铁力农村商业银行股份有限公司,农村商业银行,111
B2055H223010001,哈尔滨联合农村商业银行股份有限公司,农村商业银行,111
B2057H345120001,广西天峨农村商业银行股份有限公司,农村商业银行,111
B2058H345020001,广西柳城农村商业银行股份有限公司,农村商业银行,111
B2061H353250001,云南绿春农村商业银行股份有限公司,农村商业银行,111
B2062H353070001,云南华坪农村商业银行股份有限公司,农村商业银行,112
B2063H345130001,广西来宾农村商业银行股份有限公司,农村商业银行,112
B2064H353290001,云南漾濞农村商业银行股份有限公司,农村商业银行,112
B2066H353290001,云南南涧农村商业银行股份有限公司,农村商业银行,112
B2067H314110001,山西交口农村商业银行股份有限公司,农村商业银行,112
B2068H323090001,七台河农村商业银行股份有限公司,农村商业银行,112
B2069H223010001,黑龙江尚志农村商业银行股份有限公司,农村商业银行,112
B2070H223010001,黑龙江巴彦农村商业银行股份有限公司,农村商业银行,112
B2071H314110001,山西方山农村商业银行股份有限公司,农村商业银行,112
B2072H345030001,广西阳朔农村商业银行股份有限公司,农村商业银行,112
B2073H353090001,云南永德农村商业银行股份有限公司,农村商业银行,112
B2076H345100001,广西德保农村商业银行股份有限公司,农村商业银行,112
B2077H345120001,广西大化农村商业银行股份有限公司,农村商业银行,112
B2078H314020001,山西广灵农村商业银行股份有限公司,农村商业银行,112
B2079H345120001,广西凤山农村商业银行股份有限公司,农村商业银行,113
B2080H345110001,广西钟山农村商业银行股份有限公司,农村商业银行,113
B2081H364020001,宁夏惠农农村商业银行股份有限公司,农村商业银行,113
B2082H264010001,宁夏永宁农村商业银行股份有限公司,农村商业银行,113
B2085H314100001,山西翼城农村商业银行股份有限公司,农村商业银行,113
B2087H364030001,宁夏青铜峡农村商业银行股份有限公司,农村商业银行,113
B2089H335060001,福建平和农村商业银行股份有限公司,农村商业银行,113
B2090H341110001,河南临颍农村商业银行股份有限公司,农村商业银行,113
B2093H233010001,浙江农村商业联合银行股份有限公司,农村商业银行,113
B2095H353060001,云南大关农村商业银行股份有限公司,农村商业银行,113
B2096H353080001,云南澜沧农村商业银行股份有限公司,农村商业银行,113
B2099H353250001,云南石屏农村商业银行股份有限公司,农村商业银行,113
B2101H353260001,云南丘北农村商业银行股份有限公司,农村商业银行,113
B2102H353340001,迪庆农村商业银行股份有限公司,农村商业银行,113
B2103H353330001,怒江农村商业银行股份有限公司,农村商业银行,114
B2104H351100001,四川资中农村商业银行股份有限公司,农村商业银行,114
B2106H353090001,云南双江农村商业银行股份有限公司,农村商业银行,114
B2107H314110001,山西临县农村商业银行股份有限公司,农村商业银行,114
B2108H353230001,云南武定农村商业银行股份有限公司,农村商业银行,114
B2109H353250001,云南红河县农村商业银行股份有限公司,农村商业银行,114
B2110H253010001,云南禄劝农村商业银行股份有限公司,农村商业银行,114
B2111H361070001,陕西汉中农村商业银行股份有限公司,农村商业银行,114
B2112H353080001,云南墨江农村商业银行股份有限公司,农村商业银行,114
B2113H221010001,辽宁农村商业银行股份有限公司,农村商业银行,114
B2114H214010001,山西农村商业联合银行股份有限公司,农村商业银行,114
B2117H351070001,四川盐亭农村商业银行股份有限公司,农村商业银行,114
B2120H351140001,四川洪雅农村商业银行股份有限公司,农村商业银行,114
B2121H351320001,阿坝农村商业银行股份有限公司,农村商业银行,114
B2124H351070001,四川北川农村商业银行股份有限公司,农村商业银行,115
B2125H251010001,四川农村商业联合银行股份有限公司,农村商业银行,115
B2126H245010001,广西农村商业联合银行股份有限公司,农村商业银行,115
B2127H361070001,陕西勉县农村商业银行股份有限公司,农村商业银行,115
B2128H246010001,海南农村商业银行股份有限公司,农村商业银行,115
B2129H314110001,山西中阳农村商业银行股份有限公司,农村商业银行,115
B2132H353310001,德宏农村商业银行股份有限公司,农村商业银行,115
B2141H233020001,宁波象山农村商业银行股份有限公司,农村商业银行,115
B2142H252010001,贵州农村商业联合银行股份有限公司,农村商业银行,115
B2140H361040001,陕西咸阳农村商业银行股份有限公司,农村商业银行,115
B2143H265010001,新疆农村商业银行股份有限公司,农村商业银行,115
B2139H222010001,吉林农村商业银行股份有限公司,农村商业银行,115
C0073H253010001,昆明官渡农村合作银行,农村合作银行,115
C0108H262010001,甘肃榆中农村合作银行,农村合作银行,115
C0130H362050001,天水秦州农村合作银行,农村合作银行,116
C0131H213010001,石家庄汇融农村合作银行,农村合作银行,116
C0132H362120001,陇南武都农村合作银行,农村合作银行,116
C0142H345020001,广西柳江农村合作银行,农村合作银行,116
C0148H345030001,广西兴安农村合作银行,农村合作银行,116
C0149H345030001,广西平乐农村合作银行,农村合作银行,116
C0155H345100001,广西百色右江农村合作银行,农村合作银行,116
C0179H362050001,天水麦积农村合作银行,农村合作银行,116
C0202H345110001,广西贺州桂东农村合作银行,农村合作银行,116
C0204H345100001,广西平果农村合作银行,农村合作银行,116
C0207H345030001,广西桂林漓江农村合作银行,农村合作银行,116
C0210H345120001,广西宜州农村合作银行,农村合作银行,116
C0238H362100001,甘肃宁县农村合作银行,农村合作银行,116
C0253H345030001,广西全州农村合作银行,农村合作银行,116
C0270H361060001,陕西吴起农村合作银行,农村合作银行,117
C0271H361060001,陕西富县农村合作银行,农村合作银行,117
E0001H213010001,河北省农村信用社联合社,农村信用社,117
E0001H221010001,辽宁省农村信用社联合社,农村信用社,117
E0001H222010001,吉林省农村信用社联合社,农村信用社,117
E0001H223010001,黑龙江省农村信用社联合社,农村信用社,117
E0001H234010001,安徽省农村信用社联合社,农村信用社,117
E0001H235010001,福建省农村信用社联合社,农村信用社,117
E0001H237010001,山东省农村信用社联合社,农村信用社,117
E0001H242010001,湖北省农村信用社联合社,农村信用社,117
E0001H243010001,湖南省农村信用社联合社,农村信用社,117
E0001H244010001,广东省农村信用社联合社,农村信用社,117
E0001H253010001,云南省农村信用社联合社,农村信用社,117
E0001H261010001,陕西省农村信用社联合社,农村信用社,117
E0001H262010001,甘肃省农村信用社联合社,农村信用社,118
E0001H263010001,青海省农村信用社联合社,农村信用社,118
E0002S262010001,甘肃省农村合作金融结算服务中心,农村信用社,118
E0002S313060001,涞源县农村信用联社股份有限公司,农村信用社,118
E0002S353030001,曲靖市麒麟区农村信用合作联社,农村信用社,118
E0002S361050001,潼关县农村信用合作联社,农村信用社,118
E0003S352220001,松桃苗族自治县农村信用合作联社,农村信用社,118
E0003S353030001,师宗县农村信用合作联社,农村信用社,118
E0003S353040001,玉溪市江川区农村信用合作联社,农村信用社,118
E0003S361050001,澄城县农村信用合作联社,农村信用社,118
E0004S352220001,江口县农村信用合作联社,农村信用社,118
E0004S353030001,曲靖市沾益区农村信用合作联社,农村信用社,118
E0004S361050001,华阴市农村信用合作联社,农村信用社,118
E0005S352220001,石阡县农村信用合作联社,农村信用社,118
E0005S361050001,渭南市华州区农村信用合作联社,农村信用社,119
E0006S353040001,峨山彝族自治县农村信用合作联社,农村信用社,119
E0006S361050002,渭南市临渭区农村信用合作联社,农村信用社,119
E0007S353030001,宣威市农村信用合作联社,农村信用社,119
E0007S361050001,大荔县农村信用合作联社,农村信用社,119
E0008B337070001,潍坊市农村信用合作社联合社,农村信用社,119
E0008S353040001,元江哈尼族彝族傣族自治县农村信用合作联社,农村信用社,119
E0008S361050001,合阳县农村信用合作联社,农村信用社,119
E0009S352220001,沿河土家族自治县农村信用合作联社,农村信用社,119
E0009S353030001,曲靖市马龙区农村信用合作联社,农村信用社,119
E0009S361050001,白水县农村信用合作联社,农村信用社,119
E0010S353030001,富源县农村信用合作联社,农村信用社,119
E0010S361050001,蒲城县农村信用合作联社,农村信用社,119
E0011S253010001,昆明市五华区农村信用合作联社,农村信用社,119
E0011S361050001,富平县农村信用合作联社,农村信用社,120
E0012S253010001,昆明市盘龙区农村信用合作联社,农村信用社,120
E0013S253010001,昆明市西山区农村信用合作联社,农村信用社,120
E0013S345090001,北流市农村信用合作联社,农村信用社,120
E0014S253010001,安宁市农村信用合作联社,农村信用社,120
E0015S253010001,昆明市呈贡区农村信用合作联社,农村信用社,120
E0016S253010001,昆明市晋宁区农村信用合作联社,农村信用社,120
E0017S253010001,石林彝族自治县农村信用合作联社,农村信用社,120
E0018S253010001,宜良县农村信用合作联社,农村信用社,120
E0020S253010001,富民县农村信用合作联社,农村信用社,120
E0021S313060001,高阳县农村信用联社股份有限公司,农村信用社,120
E0022S313050001,内丘县农村信用合作联社,农村信用社,120
E0023S253010001,昆明市东川区农村信用合作联社,农村信用社,120
E0024B353030001,曲靖市农村信用合作社联合社,农村信用社,120
E0025S313050001,隆尧县农村信用合作联社,农村信用社,121
E0028S353250001,个旧市农村信用合作联社,农村信用社,121
E0029S313050001,威县农村信用合作联社,农村信用社,121
E0029S352270001,长顺县农村信用合作联社,农村信用社,121
E0029S353250001,开远市农村信用合作联社,农村信用社,121
E0030S313050001,新河县农村信用合作联社,农村信用社,121
E0030S352270001,罗甸县农村信用合作联社,农村信用社,121
E0032S352030001,赤水市农村信用合作联社,农村信用社,121
E0033S313050001,平乡县农村信用合作联社,农村信用社,121
E0033S352030001,绥阳县农村信用合作联社,农村信用社,121
E0034S353250001,泸西县农村信用合作联社,农村信用社,121
E0035S352030001,正安县农村信用合作联社,农村信用社,121
E0037S341060001,淇县农村信用合作联社,农村信用社,121
E0037S353250001,屏边县农村信用合作联社,农村信用社,121
E0038S313080001,平泉市农村信用合作联社,农村信用社,122
E0039S313070001,蔚县农村信用联社股份有限公司,农村信用社,122
E0040S353250001,金平苗族瑶族傣族自治县农村信用合作联社,农村信用社,122
E0042S313070001,怀安县农村信用联社股份有限公司,农村信用社,122
E0043S345090001,博白县农村信用合作联社,农村信用社,122
E0049S352040001,安顺市平坝区农村信用合作联社,农村信用社,122
E0051S352260001,雷山县农村信用合作联社,农村信用社,122
E0052S352260001,台江县农村信用合作联社,农村信用社,122
E0055S352260001,施秉县农村信用合作联社,农村信用社,122
E0056S353230001,姚安县农村信用合作联社,农村信用社,122
E0059S352260001,岑巩县农村信用合作联社,农村信用社,122
E0059S353230001,牟定县农村信用合作联社,农村信用社,122
E0061S352260001,锦屏县农村信用合作联社,农村信用社,122
E0061S353230001,永仁县农村信用合作联社,农村信用社,122
E0063S352260001,榕江县农村信用合作联社,农村信用社,123
E0069S352240001,金沙县农村信用合作联社,农村信用社,123
E0071S262010001,皋兰县农村信用合作联社,农村信用社,123
E0071S352240001,纳雍县农村信用合作联社,农村信用社,123
E0072S352240001,威宁县农村信用合作联社,农村信用社,123
E0073S353260001,富宁县农村信用合作联社,农村信用社,123
E0074S353260001,西畴县农村信用合作联社,农村信用社,123
E0075S352020001,水城县农村信用合作联社,农村信用社,123
E0076S352020001,盘县农村信用合作联社,农村信用社,123
E0077S352020001,六枝特区农村信用合作联社,农村信用社,123
E0078S313060001,安新县农村信用联社股份有限公司,农村信用社,123
E0078S353060001,鲁甸县农村信用合作联社,农村信用社,123
E0079S213010001,无极县农村信用合作联社,农村信用社,123
E0080S262010001,永登县农村信用合作联社,农村信用社,123
E0080S353060001,盐津县农村信用合作联社,农村信用社,124
E0082S252010001,开阳县农村信用合作联社,农村信用社,124
E0082S345090001,容县农村信用合作联社,农村信用社,124
E0082S353060001,永善县农村信用合作联社,农村信用社,124
E0083S353060001,绥江县农村信用合作联社,农村信用社,124
E0084S353060001,镇雄县农村信用合作联社,农村信用社,124
E0085S335080001,武平县农村信用合作联社,农村信用社,124
E0086S335080001,连城县农村信用合作联社,农村信用社,124
E0087S335080001,长汀县农村信用合作联社,农村信用社,124
E0089S235010001,永泰县农村信用合作联社,农村信用社,124
E0093S235010001,闽侯县农村信用合作联社,农村信用社,124
E0094S235010001,罗源县农村信用合作联社,农村信用社,124
E0095S235010001,闽清县农村信用合作联社,农村信用社,124
E0100S335040001,尤溪县农村信用合作联社,农村信用社,124
E0101S335040001,大田县农村信用合作联社,农村信用社,125
E0102S335040001,明溪县农村信用合作联社,农村信用社,125
E0102S345090001,玉林市区农村信用合作联社,农村信用社,125
E0103S335040001,清流县农村信用合作联社,农村信用社,125
E0104S335040001,宁化县农村信用合作联社,农村信用社,125
E0105S335040001,将乐县农村信用合作联社,农村信用社,125
E0106S335040001,泰宁县农村信用合作联社,农村信用社,125
E0107S335040001,建宁县农村信用合作联社,农村信用社,125
E0114S335090001,福鼎市农村信用合作联社,农村信用社,125
E0115S335090001,霞浦县农村信用合作联社,农村信用社,125
E0116S335090001,福安市农村信用合作联社,农村信用社,125
E0117S335090001,古田县农村信用合作联社,农村信用社,125
E0118S335090001,屏南县农村信用合作联社,农村信用社,125
E0119S335090001,寿宁县农村信用合作联社,农村信用社,125
E0120S335090001,周宁县农村信用合作联社,农村信用社,126
E0121S335090001,柘荣县农村信用合作联社股份有限公司,农村信用社,126
E0122S345080002,桂平市农村信用合作联社,农村信用社,126
E0123S313060001,顺平县农村信用联社股份有限公司,农村信用社,126
E0124S313060001,博野县农村信用联社股份有限公司,农村信用社,126
E0124S335050001,德化县农村信用合作联社,农村信用社,126
E0125S313060001,望都县农村信用联社股份有限公司,农村信用社,126
E0125S335050001,永春县农村信用合作联社,农村信用社,126
E0126S313060001,易县农村信用联社股份有限公司,农村信用社,126
E0127S335050001,惠安县农村信用合作联社,农村信用社,126
E0130S213010001,石家庄市栾城农村信用合作联社,农村信用社,126
E0131S313070001,尚义县农村信用联社股份有限公司,农村信用社,126
E0132S313050001,南宫市农村信用联社股份有限公司,农村信用社,126
E0132S335060001,云霄县农村信用合作联社,农村信用社,126
E0134S335060001,诏安县农村信用合作联社,农村信用社,127
E0135S335060001,漳州市长泰区农村信用合作联社,农村信用社,127
E0136S213010001,石家庄市藁城农村信用合作联社,农村信用社,127
E0136S335060001,东山县农村信用合作联社,农村信用社,127
E0137S313110001,武邑县农村信用联社股份有限公司,农村信用社,127
E0137S335060001,南靖县农村信用合作联社,农村信用社,127
E0139S335060001,华安县农村信用合作联社,农村信用社,127
E0140S313110001,饶阳县农村信用联社股份有限公司,农村信用社,127
E0140S335080001,龙岩市永定区农村信用合作联社,农村信用社,127
E0142S313060001,定兴县农村信用联社股份有限公司,农村信用社,127
E0143S313110001,故城县农村信用联社股份有限公司,农村信用社,127
E0144S335070001,顺昌县农村信用合作联社,农村信用社,127
E0145S335070001,光泽县农村信用合作联社,农村信用社,127
E0146S335070001,南平市建阳区农村信用合作联社,农村信用社,127
E0146S362090001,金塔县农村信用合作联社,农村信用社,128
E0149S313070001,赤城县农村信用联社股份有限公司,农村信用社,128
E0149S335070001,松溪县农村信用合作联社,农村信用社,128
E0150S213010001,赞皇县农村信用联社股份有限公司,农村信用社,128
E0150S335070001,政和县农村信用合作联社,农村信用社,128
E0151S313090001,盐山县农村信用联社股份有限公司,农村信用社,128
E0151S335070001,浦城县农村信用合作联社,农村信用社,128
E0152S313060001,保定市徐水区农村信用合作联社,农村信用社,128
E0153S313060001,保定市清苑区农村信用联社股份有限公司,农村信用社,128
E0154S313060001,保定市满城区农村信用联社股份有限公司,农村信用社,128
E0156S213010001,行唐县农村信用联社股份有限公司,农村信用社,128
E0157S313030001,青龙满族自治县农村信用联社股份有限公司,农村信用社,128
E0158S213010001,深泽县农村信用联社股份有限公司,农村信用社,128
E0159S313040001,邯郸市城区农村信用合作联社,农村信用社,128
E0161S353090001,镇康县农村信用合作联社,农村信用社,129
E0163S353090001,耿马傣族佤族自治县农村信用合作联社,农村信用社,129
E0165S353090001,沧源佤族自治县农村信用合作联社,农村信用社,129
E0166S353080001,宁洱哈尼族彝族自治县农村信用合作联社,农村信用社,129
E0169S353080001,景谷傣族彝族自治县农村信用合作联社,农村信用社,129
E0171S353080001,江城哈尼族彝族自治县农村信用合作联社,农村信用社,129
E0182S361040001,旬邑县农村信用合作联社,农村信用社,129
E0184S361040001,礼泉县农村信用合作联社,农村信用社,129
E0185S361040001,乾县农村信用合作联社,农村信用社,129
E0186S361040001,武功县农村信用合作联社,农村信用社,129
E0190S361040001,淳化县农村信用合作联社,农村信用社,129
E0195B223010001,哈尔滨市农村信用合作社联合社,农村信用社,129
E0203S345020001,柳州市区农村信用合作联社,农村信用社,129
E0204S245010001,南宁市武鸣区农村信用合作联社,农村信用社,129
E0206S245010001,南宁市邕宁区农村信用合作联社,农村信用社,130
E0207S245010001,南宁市区农村信用合作联社,农村信用社,130
E0214S353080001,西盟佤族自治县农村信用合作联社,农村信用社,130
E0218B253010001,昆明市农村信用合作社联合社,农村信用社,130
E0223S313090001,泊头市农村信用联社股份有限公司,农村信用社,130
E0225S313090001,河间市农村信用合作联社,农村信用社,130
E0226S313090001,东光县农村信用联社股份有限公司,农村信用社,130
E0227S313090001,吴桥县农村信用联社股份有限公司,农村信用社,130
E0228S313090001,海兴县农村信用联社股份有限公司,农村信用社,130
E0229S313090001,孟村回族自治县农村信用合作联社,农村信用社,130
E0230S313090001,青县农村信用联社股份有限公司,农村信用社,130
E0231S313090001,任丘市农村信用合作联社,农村信用社,130
E0233S313090001,沧县农村信用联社股份有限公司,农村信用社,130
E0233S361040001,兴平市农村信用合作联社,农村信用社,130
E0242S345040001,梧州市区农村信用合作联社,农村信用社,131
E0245S345040001,藤县农村信用合作联社,农村信用社,131
E0249S361040001,永寿县农村信用合作联社,农村信用社,131
E0261S313030001,秦皇岛市区农村信用合作联社,农村信用社,131
E0263S313030001,昌黎县农村信用合作联社,农村信用社,131
E0266S345120001,环江毛南族自治县农村信用合作联社,农村信用社,131
E0268S345120001,河池市区农村信用合作联社,农村信用社,131
E0271S313060001,容城县农村信用合作联社,农村信用社,131
E0271S345120001,东兰县农村信用合作联社,农村信用社,131
E0272S313060001,雄县农村信用合作联社,农村信用社,131
E0273S345120001,南丹县农村信用合作联社,农村信用社,131
E0274S313060001,唐县农村信用合作联社,农村信用社,131
E0274S345050001,北海市区农村信用合作联社,农村信用社,131
E0281S313060001,曲阳县农村信用合作联社,农村信用社,131
E0285S345050001,合浦县农村信用合作联社,农村信用社,132
E0287S313060001,阜平县农村信用合作联社,农村信用社,132
E0288S313040001,邯郸市峰峰矿区农村信用合作联社,农村信用社,132
E0291S313040001,魏县农村信用合作联社,农村信用社,132
E0292S313040001,曲周县农村信用合作联社,农村信用社,132
E0293S313040001,邱县农村信用合作联社,农村信用社,132
E0295S313040001,肥乡县农村信用合作联社,农村信用社,132
E0296S313040001,广平县农村信用合作联社,农村信用社,132
E0297S313040001,成安县农村信用合作联社,农村信用社,132
E0298S313040001,临漳县农村信用合作联社,农村信用社,132
E0299S313040001,磁县农村信用合作联社,农村信用社,132
E0299S345070001,钦州市区农村信用合作联社,农村信用社,132
E0302S313040001,馆陶县农村信用合作联社,农村信用社,132
E0302S322070001,乾安县农村信用合作联社,农村信用社,132
E0306S313080001,隆化县农村信用合作联社,农村信用社,133
E0308S313080001,兴隆县农村信用合作联社,农村信用社,133
E0312S313080001,承德市郊区农村信用合作联社,农村信用社,133
E0315S313020001,遵化市农村信用合作联社,农村信用社,133
E0319S361100001,洛南县农村信用合作联社,农村信用社,133
E0321S313020001,迁西县农村信用合作联社,农村信用社,133
E0321S361100001,商洛市商州区农村信用合作联社,农村信用社,133
E0323S313020001,乐亭县农村信用合作联社,农村信用社,133
E0333S361030001,扶风县农村信用合作联社,农村信用社,133
E0355S345070001,灵山县农村信用合作联社,农村信用社,133
E0355S361020001,铜川市耀州区农村信用合作联社,农村信用社,133
E0368S313100001,大城县农村信用合作联社,农村信用社,133
E0369S313100001,廊坊市城郊农村信用合作联社,农村信用社,133
E0384S361060001,志丹县农村信用合作联社,农村信用社,133
E0386S361060001,延长县农村信用合作联社,农村信用社,134
E0387S361060001,延川县农村信用合作联社,农村信用社,134
E0389S361060001,宜川县农村信用合作联社,农村信用社,134
E0392S361060001,黄龙县农村信用合作联社,农村信用社,134
E0393S361060001,黄陵县农村信用合作联社,农村信用社,134
E0401S313090001,肃宁县农村信用联社股份有限公司,农村信用社,134
E0402S213010001,新乐市农村信用联社股份有限公司,农村信用社,134
E0403S213010001,赵县农村信用联社股份有限公司,农村信用社,134
E0404S313040001,永年县农村信用联社股份有限公司,农村信用社,134
E0405S313040001,武安市农村信用联社股份有限公司,农村信用社,134
E0406S213010001,高邑县农村信用联社股份有限公司,农村信用社,134
E0407S213010001,石家庄市矿区农村信用联社股份有限公司,农村信用社,134
E0410S313070001,康保县农村信用联社股份有限公司,农村信用社,134
E0430S361070001,城固县农村信用合作联社,农村信用社,134
E0433S361070001,洋县农村信用合作联社,农村信用社,135
E0435S361070001,宁强县农村信用合作联社,农村信用社,135
E0436S361070001,略阳县农村信用合作联社,农村信用社,135
E0438S361070001,留坝县农村信用合作联社,农村信用社,135
E0459S245010001,横州市农村信用合作联社,农村信用社,135
E0474B323080001,佳木斯市农村信用合作社联合社,农村信用社,135
E0493S362110001,通渭县农村信用合作联社,农村信用社,135
E0497S362110001,漳县农村信用合作联社,农村信用社,135
E0526S362050001,甘谷县农村信用合作联社,农村信用社,135
E0546S362050001,武山县农村信用合作联社,农村信用社,135
E0562B323100001,牡丹江市农村信用合作社联合社,农村信用社,135
E0563S323100001,牡丹江市城郊农村信用合作联社,农村信用社,135
E0564S323100001,宁安市农村信用合作联社,农村信用社,135
E0565S323100001,海林市农村信用合作联社,农村信用社,135
E0567S323100001,穆棱市农村信用合作联社,农村信用社,136
E0567S362050001,清水县农村信用合作联社,农村信用社,136
E0590B323020001,齐齐哈尔市农村信用合作社联合社,农村信用社,136
E0590S362050001,张家川回族自治县农村信用合作联社,农村信用社,136
E0591S361030001,宝鸡市陈仓区农村信用合作联社,农村信用社,136
E0593S323020001,依安县农村信用合作联社,农村信用社,136
E0599S323020001,拜泉县农村信用合作联社,农村信用社,136
E0605S362100001,庆城县农村信用合作联社,农村信用社,136
E0606S362100001,镇原县农村信用合作联社,农村信用社,136
E0608S362100001,合水县农村信用合作联社,农村信用社,136
E0609S345060001,防城港市防城区农村信用合作联社,农村信用社,136
E0609S362100001,正宁县农村信用合作联社,农村信用社,136
E0610S361020001,铜川市印台区农村信用合作联社,农村信用社,136
E0610S362100001,环县农村信用合作联社,农村信用社,136
E0611S345080001,平南县农村信用合作联社,农村信用社,137
E0611S361020001,铜川市王益区农村信用合作联社,农村信用社,137
E0611S362100001,华池县农村信用合作联社,农村信用社,137
E0612S345060001,防城港市区农村信用合作联社,农村信用社,137
E0612S361020001,宜君县农村信用合作联社,农村信用社,137
E0613S345090001,兴业县农村信用合作联社,农村信用社,137
E0613S362120001,成县农村信用合作联社,农村信用社,137
E0614S362120001,徽县农村信用合作联社,农村信用社,137
E0615S361040001,泾阳县农村信用合作联社,农村信用社,137
E0616S361040001,三原县农村信用合作联社,农村信用社,137
E0616S362120001,文县农村信用合作联社,农村信用社,137
E0620S362120001,宕昌县农村信用合作联社,农村信用社,137
E0621S314020001,阳高县农村信用合作联社,农村信用社,137
E0637S314020001,天镇县农村信用合作联社,农村信用社,137
E0728B323120001,绥化市农村信用合作社联合社,农村信用社,138
E0788S362290001,临夏县农村信用合作联社,农村信用社,138
E0789S362290001,积石山县农村信用合作联社,农村信用社,138
E0790S362290001,永靖县农村信用合作联社,农村信用社,138
E0791S362290001,东乡族自治县农村信用合作联社,农村信用社,138
E0792S362290001,和政县农村信用合作联社,农村信用社,138
E0793S362290001,广河县农村信用合作联社,农村信用社,138
E0794S362290001,康乐县农村信用合作联社,农村信用社,138
E0895S362300001,合作市农村信用合作联社,农村信用社,138
E0910S362300001,夏河县农村信用合作联社,农村信用社,138
E0925S362300001,临潭县农村信用合作联社,农村信用社,138
E0929S341100001,禹州市农村信用合作联社,农村信用社,138
E0937S323080001,富锦市农村信用合作联社,农村信用社,138
E0937S362300001,卓尼县农村信用合作联社,农村信用社,138
E0939S323080001,桦川县农村信用合作联社,农村信用社,139
E0945S323080001,佳木斯市郊区农村信用合作联社,农村信用社,139
E0947S362300001,迭部县农村信用合作联社,农村信用社,139
E0950S341110001,舞阳县农村信用合作联社,农村信用社,139
E0952S341110001,漯河市源汇区农村信用合作联社,农村信用社,139
E0953S341110001,漯河市郾城区农村信用合作联社,农村信用社,139
E0954S341110001,漯河市召陵区农村信用合作联社,农村信用社,139
E0956S362300001,舟曲县农村信用合作联社,农村信用社,139
E0958S323020001,龙江县农村信用合作联社,农村信用社,139
E0964S323120001,肇东市农村信用合作联社,农村信用社,139
E0969S362300001,碌曲县农村信用合作联社,农村信用社,139
E0974S362300001,玛曲县农村信用合作联社,农村信用社,139
E0984S362110002,渭源县农村信用合作联社,农村信用社,139
E0986S362090001,肃北蒙古族自治县农村信用合作联社,农村信用社,139
E0987S362090001,阿克塞哈萨克族自治县农村信用合作联社,农村信用社,140
E0988S362070001,肃南裕固族自治县农村信用合作联社,农村信用社,140
E0990S362040001,景泰县农村信用合作联社,农村信用社,140
E0991S362040001,平川区农村信用合作联社,农村信用社,140
E0992S362040001,白银区农村信用合作联社,农村信用社,140
E1034S314090001,代县农村信用合作联社,农村信用社,140
E1052S323120001,望奎县农村信用合作联社,农村信用社,140
E1070S313030001,秦皇岛市抚宁农村信用联社股份有限公司,农村信用社,140
E1142S314110001,文水县农村信用合作联社,农村信用社,140
E1147S314110001,石楼县农村信用合作联社,农村信用社,140
E1161S223010001,依兰县农村信用合作联社,农村信用社,140
E1165S323120001,兰西县农村信用合作联社,农村信用社,140
E1166S323120001,海伦市农村信用合作联社,农村信用社,140
E1168S323040001,鹤岗市市区农村信用合作联社,农村信用社,140
E1376B314110001,吕梁市农村信用合作社联合社,农村信用社,141
E2013S314050001,陵川县农村信用合作联社,农村信用社,141
S0001H221020001,庄河汇通村镇银行股份有限公司,村镇银行,141
S0001H231000001,上海崇明沪农商村镇银行股份有限公司,村镇银行,141
S0001H233020001,象山国民村镇银行股份有限公司,村镇银行,141
S0001H237020001,青岛即墨惠民村镇银行股份有限公司,村镇银行,141
S0001H244030001,深圳宝安融兴村镇银行有限责任公司,村镇银行,141
S0001H263010001,大通中银富登村镇银行有限责任公司,村镇银行,141
S0001H314030001,盂县汇民村镇银行有限责任公司,村镇银行,141
S0001H333040001,浙江秀洲德商村镇银行股份有限公司,村镇银行,141
S0001H333050001,浙江长兴联合村镇银行股份有限公司,村镇银行,142
S0001H334010001,安徽长丰科源村镇银行股份有限公司,村镇银行,142
S0001H335070001,福建建瓯瑞狮村镇银行有限责任公司,村镇银行,142
S0001H336040001,修水九银村镇银行有限责任公司,村镇银行,142
S0001H337070001,寿光张农商村镇银行股份有限公司,村镇银行,142
S0001H341030001,河南栾川民丰村镇银行股份有限公司,村镇银行,142
S0001H344200001,中山小榄村镇银行股份有限公司,村镇银行,142
S0001H345100001,平果国民村镇银行有限责任公司,村镇银行,142
S0001H350060001,重庆大足汇丰村镇银行有限责任公司,村镇银行,142
S0001H350080001,重庆合川中银富登村镇银行有限公司,村镇银行,142
S0001H351130001,四川仪陇惠民村镇银行有限责任公司,村镇银行,142
S0001H352240001,毕节发展村镇银行有限责任公司,村镇银行,142
S0001H354260001,林芝民生村镇银行股份有限公司,村镇银行,142
S0001H361030001,陕西岐山长银村镇银行有限责任公司,村镇银行,142
S0001H362080001,甘肃泾川中银富登村镇银行股份有限公司,村镇银行,143
S0001H364030001,吴忠市滨河村镇银行股份有限公司,村镇银行,143
S0001H365230001,五家渠国民村镇银行有限责任公司,村镇银行,143
S0002H211000001,北京密云汇丰村镇银行有限责任公司,村镇银行,143
S0002H221020001,瓦房店长兴村镇银行股份有限公司,村镇银行,143
S0002H231000001,上海奉贤浦发村镇银行股份有限公司,村镇银行,143
S0002H233020001,慈溪民生村镇银行股份有限公司,村镇银行,143
S0002H235020001,厦门翔安民生村镇银行股份有限公司,村镇银行,143
S0002H237020001,青岛西海岸海汇村镇银行股份有限公司,村镇银行,143
S0002H244030001,深圳龙岗鼎业村镇银行股份有限公司,村镇银行,143
S0002H254010001,西藏堆龙民泰村镇银行股份有限公司,村镇银行,143
S0002H314050001,陵川县太行村镇银行股份有限公司,村镇银行,143
S0002H314100001,洪洞县洪都村镇银行有限责任公司,村镇银行,143
S0002H315040001,克什克腾农银村镇银行有限责任公司,村镇银行,143
S0002H321120001,铁岭新星村镇银行股份有限公司,村镇银行,144
S0002H332040001,常州金坛兴福村镇银行有限责任公司,村镇银行,144
S0002H333100001,浙江玉环永兴村镇银行股份有限公司,村镇银行,144
S0002H334110001,安徽凤阳利民村镇银行有限责任公司,村镇银行,144
S0002H335040001,福建永安汇丰村镇银行有限责任公司,村镇银行,144
S0002H336070001,南康赣商村镇银行股份有限公司,村镇银行,144
S0002H341150001,固始天骄村镇银行股份有限公司,村镇银行,144
S0002H343090001,湖南桃江中银富登村镇银行股份有限公司,村镇银行,144
S0002H344070001,广东恩平汇丰村镇银行有限责任公司,村镇银行,144
S0002H345030001,广西兴安民兴村镇银行股份有限公司,村镇银行,144
S0002H351070001,四川北川羌族自治县富民村镇银行有限责任公司,村镇银行,144
S0002H353040001,玉溪红塔村镇银行股份有限公司,村镇银行,144
S0002H361100001,陕西洛南阳光村镇银行有限责任公司,村镇银行,144
S0002H362100001,庆阳市西峰瑞信村镇银行股份有限公司,村镇银行,144
S0002H365220001,哈密天山村镇银行有限公司,村镇银行,145
S0003H211000001,北京怀柔融兴村镇银行有限责任公司,村镇银行,145
S0003H221020001,大连普兰店汇丰村镇银行有限责任公司,村镇银行,145
S0003H231000001,上海松江民生村镇银行股份有限公司,村镇银行,145
S0003H237020001,青岛莱西元泰村镇银行股份有限公司,村镇银行,145
S0003H244030001,深圳福田银座村镇银行股份有限公司,村镇银行,145
S0003H246010001,海口苏南村镇银行股份有限公司,村镇银行,145
S0003H251010001,邛崃国民村镇银行有限责任公司,村镇银行,145
S0003H252010001,贵阳花溪建设村镇银行有限责任公司,村镇银行,145
S0003H321090001,辽宁彰武金通村镇银行股份有限公司,村镇银行,145
S0003H322020001,磐石吉银村镇银行股份有限公司,村镇银行,145
S0003H332020001,宜兴阳羡村镇银行股份有限公司,村镇银行,145
S0003H333060001,浙江嵊州瑞丰村镇银行股份有限公司,村镇银行,145
S0003H335090001,福建福鼎恒兴村镇银行股份有限公司,村镇银行,145
S0003H336080001,吉安稠州村镇银行股份有限公司,村镇银行,146
S0003H337100001,乳山天骄村镇银行股份有限公司,村镇银行,146
S0003H341130001,河南方城凤裕村镇银行有限责任公司,村镇银行,146
S0003H342120001,湖北嘉鱼吴江村镇银行股份有限公司,村镇银行,146
S0003H345100001,田东北部湾村镇银行有限责任公司,村镇银行,146
S0003H350010001,重庆开州泰业村镇银行股份有限公司,村镇银行,146
S0003H361060001,安塞农银村镇银行有限责任公司,村镇银行,146
S0003H363210001,青海乐都三江村镇银行股份有限公司,村镇银行,146
S0003H365280001,新疆库尔勒富民村镇银行股份有限公司,村镇银行,146
S0004H211000001,北京大兴九银村镇银行股份有限公司,村镇银行,146
S0004H221010001,沈阳沈北富民村镇银行股份有限公司,村镇银行,146
S0004H231000001,上海浦东江南村镇银行股份有限公司,村镇银行,146
S0004H241010001,巩义浦发村镇银行股份有限公司,村镇银行,146
S0004H244030001,深圳南山宝生村镇银行股份有限公司,村镇银行,146
S0004H261010001,西安高陵阳光村镇银行有限责任公司,村镇银行,147
S0004H313080001,河北丰宁中银富登村镇银行有限责任公司,村镇银行,147
S0004H314100001,汾西县太行村镇银行有限责任公司,村镇银行,147
S0004H322080001,镇赉中银富登村镇银行股份有限公司,村镇银行,147
S0004H332070001,江苏东海张农商村镇银行有限责任公司,村镇银行,147
S0004H333030001,浙江永嘉恒升村镇银行股份有限公司,村镇银行,147
S0004H334050001,安徽当涂新华村镇银行股份有限公司,村镇银行,147
S0004H335080001,福建漳平民泰村镇银行股份有限公司,村镇银行,147
S0004H336110001,广丰广信村镇银行股份有限公司,村镇银行,147
S0004H337050001,东营莱商村镇银行股份有限公司,村镇银行,147
S0004H342130001,湖北随州曾都汇丰村镇银行有限责任公司,村镇银行,147
S0004H345020001,广西柳江柳银村镇银行股份有限公司,村镇银行,147
S0004H346020001,三亚惠民村镇银行股份有限公司,村镇银行,147
S0004H350000001,重庆丰都汇丰村镇银行有限责任公司,村镇银行,147
S0004H352040001,平坝鼎立村镇银行有限责任公司,村镇银行,148
S0004H362090001,敦煌市金盛村镇银行股份有限公司,村镇银行,148
S0004H365030001,石河子国民村镇银行有限责任公司,村镇银行,148
S0005H212000001,天津津南村镇银行股份有限公司,村镇银行,148
S0005H221020001,大连经济技术开发区鑫汇村镇银行股份有限公司,村镇银行,148
S0005H223010001,双城惠民村镇银行有限责任公司,村镇银行,148
S0005H231000001,上海浦东中银富登村镇银行有限责任公司,村镇银行,148
S0005H237020001,青岛胶州中成村镇银行股份有限公司,村镇银行,148
S0005H244030001,深圳宝安桂银村镇银行股份有限公司,村镇银行,148
S0005H246020001,陵水惠民村镇银行股份有限公司,村镇银行,148
S0005H251010001,彭州民生村镇银行股份有限公司,村镇银行,148
S0005H314100001,汾西县亿通村镇银行股份有限公司,村镇银行,148
S0005H315290001,阿拉善左旗方大村镇银行股份有限公司,村镇银行,148
S0005H321090001,阜新农商村镇银行股份有限公司,村镇银行,148
S0005H332040001,溧阳浦发村镇银行股份有限公司,村镇银行,149
S0005H333030001,浙江苍南中银富登村镇银行股份有限公司,村镇银行,149
S0005H335050001,安溪民生村镇银行股份有限公司,村镇银行,149
S0005H337060001,龙口中银富登南山村镇银行股份有限公司,村镇银行,149
S0005H341040001,郏县广天村镇银行股份有限公司,村镇银行,149
S0005H342020001,大冶中银富登村镇银行股份有限公司,村镇银行,149
S0005H343100001,资兴浦发村镇银行股份有限公司,村镇银行,149
S0005H352240001,织金惠民村镇银行有限责任公司,村镇银行,149
S0005H362050001,天水市秦安众信村镇银行股份有限公司,村镇银行,149
S0005H364050001,宁夏中宁青银村镇银行股份有限公司,村镇银行,149
S0005H365030001,新疆石河子交银村镇银行股份有限公司,村镇银行,149
S0006H212000001,天津西青中银富登村镇银行股份有限公司,村镇银行,149
S0006H231000001,上海闵行上银村镇银行股份有限公司,村镇银行,149
S0006H233010001,浙江建德湖商村镇银行股份有限公司,村镇银行,149
S0006H233020001,宁波北仑中银富登村镇银行股份有限公司,村镇银行,150
S0006H237020001,青岛城阳珠江村镇银行股份有限公司,村镇银行,150
S0006H244030001,深圳龙岗中银富登村镇银行有限责任公司,村镇银行,150
S0006H246900001,海南儋州绿色村镇银行有限责任公司,村镇银行,150
S0006H321050001,本溪同盛村镇银行股份有限公司,村镇银行,150
S0006H322050001,通化融达村镇银行股份有限公司,村镇银行,150
S0006H332030001,江苏铜山锡州村镇银行股份有限公司,村镇银行,150
S0006H334150001,安徽裕安盛平村镇银行股份有限公司,村镇银行,150
S0006H335060001,漳浦民生村镇银行股份有限公司,村镇银行,150
S0006H336040001,九江共青村镇银行股份有限公司,村镇银行,150
S0006H337110001,莒县金谷村镇银行股份有限公司,村镇银行,150
S0006H341170001,西平中原村镇银行股份有限公司,村镇银行,150
S0006H342060001,宜城中银富登村镇银行有限责任公司,村镇银行,150
S0006H343310001,湘西长行村镇银行股份有限公司,村镇银行,150
S0006H344140001,梅州客家村镇银行股份公司,村镇银行,151
S0006H345060001,东兴国民村镇银行有限责任公司,村镇银行,151
S0006H351170001,宣汉诚民村镇银行有限责任公司,村镇银行,151
S0006H353230001,楚雄红塔村镇银行股份有限公司,村镇银行,151
S0006H361050001,陕西富平汇发村镇银行有限责任公司,村镇银行,151
S0006H362080001,平凉市静宁成纪村镇银行股份有限公司,村镇银行,151
S0007H211000001,北京顺义银座村镇银行股份有限公司,村镇银行,151
S0007H212000001,天津静海新华村镇银行股份有限公司,村镇银行,151
S0007H221020001,大连保税区珠江村镇银行股份有限公司,村镇银行,151
S0007H222010001,榆树融兴村镇银行有限责任公司,村镇银行,151
S0007H223010001,五常惠民村镇银行有限责任公司,村镇银行,151
S0007H231000001,上海嘉定民生村镇银行股份有限公司,村镇银行,151
S0007H233020001,宁波慈溪中银富登村镇银行有限责任公司,村镇银行,151
S0007H236010001,南昌大丰村镇银行有限责任公司,村镇银行,151
S0007H241010001,中牟郑银村镇银行股份有限公司,村镇银行,152
S0007H244030001,深圳光明沪农商村镇银行股份有限公司,村镇银行,152
S0007H314110001,吕梁孝义汇通村镇银行股份有限公司,村镇银行,152
S0007H333040001,浙江嘉善联合村镇银行股份有限公司,村镇银行,152
S0007H334010001,安徽肥西石银村镇银行股份有限公司,村镇银行,152
S0007H335070001,武夷山本富村镇银行有限责任公司,村镇银行,152
S0007H337130001,临沂河东齐商村镇银行股份有限公司,村镇银行,152
S0007H343060001,汨罗中银富登村镇银行股份有限公司,村镇银行,152
S0007H345070001,灵山泰业村镇银行股份有限公司,村镇银行,152
S0007H350050001,綦江民生村镇银行股份有限公司,村镇银行,152
S0007H352230001,兴义万丰村镇银行有限责任公司,村镇银行,152
S0007H361050001,韩城浦发村镇银行股份有限公司,村镇银行,152
S0007H362060001,民勤融信村镇银行股份有限公司,村镇银行,152
S0007H365230001,昌吉国民村镇银行有限责任公司,村镇银行,152
S0008H212000001,天津华明村镇银行股份有限公司,村镇银行,153
S0008H221020001,大连旅顺口蒙银村镇银行股份有限公司,村镇银行,153
S0008H244030001,深圳坪山珠江村镇银行股份有限公司,村镇银行,153
S0008H246900001,定安合丰村镇银行股份有限公司,村镇银行,153
S0008H314110001,兴县汇泽村镇银行有限责任公司,村镇银行,153
S0008H315030001,乌海市海勃湾黄河村镇银行股份有限公司,村镇银行,153
S0008H332100001,江苏邗江民泰村镇银行股份有限公司,村镇银行,153
S0008H333040001,浙江平湖工银村镇银行股份有限公司,村镇银行,153
S0008H334020001,安徽繁昌中银富登村镇银行有限责任公司,村镇银行,153
S0008H336090001,丰城顺银村镇银行股份有限公司,村镇银行,153
S0008H337070001,潍坊市寒亭区蒙银村镇银行股份有限公司,村镇银行,153
S0008H341080001,武陟射阳村镇银行股份有限公司,村镇银行,153
S0008H343060001,湖南平江汇丰村镇银行有限责任公司,村镇银行,153
S0008H345100001,田阳兴阳村镇银行有限责任公司,村镇银行,153
S0008H350080001,潼南民生村镇银行股份有限公司,村镇银行,154
S0008H351060001,什邡思源村镇银行有限责任公司,村镇银行,154
S0008H352030001,仁怀蒙银村镇银行股份有限公司,村镇银行,154
S0008H353290001,云南大理渝农商村镇银行有限责任公司,村镇银行,154
S0008H361080001,榆林榆阳民生村镇银行股份有限公司,村镇银行,154
S0008H362040001,会宁会师村镇银行有限责任公司,村镇银行,154
S0008H364050001,中卫香山村镇银行有限责任公司,村镇银行,154
S0008H365220001,哈密红星国民村镇银行有限责任公司,村镇银行,154
S0009H211000001,北京门头沟珠江村镇银行股份有限公司,村镇银行,154
S0009H212000001,天津武清村镇银行股份有限公司,村镇银行,154
S0009H231000001,上海金山惠民村镇银行有限责任公司,村镇银行,154
S0009H235010001,福建连江恒欣村镇银行股份有限公司,村镇银行,154
S0009H242900001,湖北天门汇丰村镇银行有限责任公司,村镇银行,154
S0009H244030001,深圳龙华新华村镇银行股份有限公司,村镇银行,154
S0009H246900001,万宁金谷村镇银行有限责任公司,村镇银行,155
S0009H252010001,息烽发展村镇银行有限责任公司,村镇银行,155
S0009H262010001,兰州永登新华村镇银行股份有限公司,村镇银行,155
S0009H264010001,宁夏宁东本富村镇银行股份有限公司,村镇银行,155
S0009H314070001,晋中市左权华丰村镇银行股份有限公司,村镇银行,155
S0009H332050001,昆山鹿城村镇银行股份有限公司,村镇银行,155
S0009H334100001,安徽黄山金桥村镇银行股份有限公司,村镇银行,155
S0009H336090001,樟树顺银村镇银行股份有限公司,村镇银行,155
S0009H337120001,莱芜珠江村镇银行股份有限公司,村镇银行,155
S0009H341070001,新乡中原村镇银行股份有限公司,村镇银行,155
S0009H344070001,鹤山珠江村镇银行股份有限公司,村镇银行,155
S0009H345120001,宜州深通村镇银行有限责任公司,村镇银行,155
S0009H351140001,仁寿民富村镇银行有限责任公司,村镇银行,155
S0009H361060001,志丹民生村镇银行股份有限公司,村镇银行,155
S0009H365400001,奎屯国民村镇银行有限责任公司,村镇银行,156
S0010H211000001,北京房山沪农商村镇银行股份有限公司,村镇银行,156
S0010H212000001,天津滨海惠民村镇银行股份有限公司,村镇银行,156
S0010H231000001,上海青浦惠金村镇银行股份有限公司,村镇银行,156
S0010H233020001,宁波镇海中银富登村镇银行有限公司,村镇银行,156
S0010H242900001,武汉江夏民生村镇银行股份有限公司,村镇银行,156
S0010H244030001,深圳罗湖蓝海村镇银行股份有限公司,村镇银行,156
S0010H246900001,临高惠丰村镇银行股份有限公司,村镇银行,156
S0010H251010001,都江堰金都村镇银行有限责任公司,村镇银行,156
S0010H264010001,银川掌政石银村镇银行股份有限公司,村镇银行,156
S0010H265010001,新疆绿洲国民村镇银行有限责任公司,村镇银行,156
S0010H313060001,唐县汇泽村镇银行有限责任公司,村镇银行,156
S0010H322050001,柳河蒙银村镇银行股份有限公司,村镇银行,156
S0010H323120001,兰西农商村镇银行有限责任公司,村镇银行,156
S0010H333050001,浙江安吉交银村镇银行股份有限公司,村镇银行,157
S0010H334180001,绩溪农银村镇银行有限责任公司,村镇银行,157
S0010H335040001,福建沙县渝农商村镇银行有限责任公司,村镇银行,157
S0010H336110001,万年稻源村镇银行股份有限公司,村镇银行,157
S0010H337170001,曹县中银富登村镇银行有限公司,村镇银行,157
S0010H345040001,广西藤县桂银村镇银行股份有限公司,村镇银行,157
S0010H352020001,水城蒙银村镇银行股份有限公司,村镇银行,157
S0010H361040001,乾县中银富登村镇银行有限公司,村镇银行,157
S0010H362110001,临洮县金城村镇银行股份有限公司,村镇银行,157
S0011H211000001,北京平谷新华村镇银行股份有限公司,村镇银行,157
S0011H212000001,天津宁河村镇银行股份有限公司,村镇银行,157
S0011H231000001,上海嘉定洪都村镇银行股份有限公司,村镇银行,157
S0011H233020001,宁海中银富登村镇银行有限公司,村镇银行,157
S0011H241010001,新郑郑银村镇银行股份有限公司,村镇银行,157
S0011H313100001,三河蒙银村镇银行股份有限公司,村镇银行,158
S0011H314040001,长子县融汇村镇银行有限责任公司,村镇银行,158
S0011H315020001,土默特右旗蒙银村镇银行股份有限公司,村镇银行,158
S0011H323120001,海伦惠丰村镇银行股份有限公司,村镇银行,158
S0011H332050001,江苏张家港渝农商村镇银行股份有限公司,村镇银行,158
S0011H333100001,浙江三门银座村镇银行股份有限公司,村镇银行,158
S0011H334020001,无为徽银村镇银行有限责任公司,村镇银行,158
S0011H335090001,福建福安渝农商村镇银行有限责任公司,村镇银行,158
S0011H342280001,恩施兴福村镇银行股份有限公司,村镇银行,158
S0011H343020001,株洲县融兴村镇银行有限责任公司,村镇银行,158
S0011H351060001,绵竹浦发村镇银行有限责任公司,村镇银行,158
S0011H352240001,黔西花都村镇银行有限责任公司,村镇银行,158
S0011H353280001,景洪民生村镇银行股份有限公司,村镇银行,158
S0011H361050001,蒲城中银富登村镇银行有限公司,村镇银行,158
S0011H364030001,宁夏盐池汇发村镇银行股份有限公司,村镇银行,159
S0011H365290001,库车国民村镇银行有限责任公司,村镇银行,159
S0012H212000001,天津滨海江淮村镇银行股份有限公司,村镇银行,159
S0012H213010001,元氏信融村镇银行股份有限公司,村镇银行,159
S0012H231000001,上海浦东恒通村镇银行股份有限公司,村镇银行,159
S0012H233020001,宁波海曙浦发村镇银行股份有限公司,村镇银行,159
S0012H235010001,福建平潭渝农商村镇银行有限责任公司,村镇银行,159
S0012H246900001,乐东惠丰村镇银行股份有限公司,村镇银行,159
S0012H251010001,成都双流诚民村镇银行有限责任公司,村镇银行,159
S0012H314110001,柳林汇泽村镇银行股份有限公司,村镇银行,159
S0012H332110001,句容苏南村镇银行股份有限公司,村镇银行,159
S0012H333030001,浙江乐清联合村镇银行股份有限公司,村镇银行,159
S0012H336070001,江西赣州银座村镇银行股份有限公司,村镇银行,159
S0012H337130001,沂水中银富登村镇银行有限公司,村镇银行,159
S0012H342050001,宜都民生村镇银行股份有限公司,村镇银行,160
S0012H343040001,耒阳融兴村镇银行有限责任公司,村镇银行,160
S0012H344020001,始兴大众村镇银行股份有限公司,村镇银行,160
S0012H345030001,桂林国民村镇银行有限责任公司,村镇银行,160
S0012H350000001,重庆南川石银村镇银行股份有限公司,村镇银行,160
S0012H352270001,都匀融通村镇银行有限责任公司,村镇银行,160
S0012H361050001,合阳惠民村镇银行股份有限公司,村镇银行,160
S0012H364030001,宁夏青铜峡贺兰山村镇银行股份有限公司,村镇银行,160
S0012H365430001,北屯国民村镇银行有限责任公司,村镇银行,160
S0013H212000001,天津滨海德商村镇银行股份有限公司,村镇银行,160
S0013H231000001,上海松江富明村镇银行股份有限公司,村镇银行,160
S0013H233020001,象山中银富登村镇银行有限公司,村镇银行,160
S0013H245010001,南宁江南国民村镇银行股份有限公司,村镇银行,160
S0013H246900001,东方惠丰村镇银行股份有限公司,村镇银行,160
S0013H314050001,高平市太行村镇银行股份有限公司,村镇银行,161
S0013H323110001,五大连池惠丰村镇银行股份有限公司,村镇银行,161
S0013H333110001,浙江青田中银富登华侨村镇银行有限责任公司,村镇银行,161
S0013H334180001,安徽泾县铜源村镇银行股份有限公司,村镇银行,161
S0013H335040001,福建宁化成功村镇银行股份有限公司,村镇银行,161
S0013H336020001,乐平融兴村镇银行有限责任公司,村镇银行,161
S0013H337060001,蓬莱民生村镇银行股份有限公司,村镇银行,161
S0013H341150001,信阳平桥中原村镇银行股份有限公司,村镇银行,161
S0013H342110001,蕲春中银富登村镇银行有限公司,村镇银行,161
S0013H343040001,常宁珠江村镇银行股份有限公司,村镇银行,161
S0013H350040001,重庆北碚稠州村镇银行有限责任公司,村镇银行,161
S0013H352020001,盘州万和村镇银行有限责任公司,村镇银行,161
S0013H353090001,临沧临翔沪农商村镇银行股份有限公司,村镇银行,161
S0013H361030001,凤翔中银富登村镇银行有限公司,村镇银行,161
S0013H362100001,庆城县金城村镇银行股份有限公司,村镇银行,162
S0013H364020001,宁夏惠农贺兰山村镇银行股份有限公司,村镇银行,162
S0013H365270001,博乐国民村镇银行有限责任公司,村镇银行,162
S0014H212000001,天津滨海扬子村镇银行股份有限公司,村镇银行,162
S0014H223010001,哈尔滨阿城农商村镇银行有限责任公司,村镇银行,162
S0014H231000001,上海宝山扬子村镇银行股份有限公司,村镇银行,162
S0014H236010001,安义融兴村镇银行有限责任公司,村镇银行,162
S0014H243010001,宁乡沪农商村镇银行股份有限公司,村镇银行,162
S0014H244010001,广州增城长江村镇银行有限责任公司,村镇银行,162
S0014H245010001,广西横州桂银村镇银行股份有限公司,村镇银行,162
S0014H314110001,交城县太行村镇银行有限责任公司,村镇银行,162
S0014H333070001,浙江武义中银富登村镇银行有限责任公司,村镇银行,162
S0014H334180001,安徽郎溪新华村镇银行股份有限公司,村镇银行,162
S0014H335040001,建宁刺桐红村镇银行有限公司,村镇银行,162
S0014H337070001,高密惠民村镇银行有限责任公司,村镇银行,163
S0014H341130001,南阳村镇银行股份有限公司,村镇银行,163
S0014H342080001,京山中银富登村镇银行有限公司,村镇银行,163
S0014H350070001,重庆江津石银村镇银行股份有限公司,村镇银行,163
S0014H351050001,泸县元通村镇银行有限责任公司,村镇银行,163
S0014H352260001,黄平振兴村镇银行有限责任公司,村镇银行,163
S0014H353250001,弥勒沪农商村镇银行股份有限公司,村镇银行,163
S0014H361040001,兴平中银富登村镇银行有限公司,村镇银行,163
S0014H364030001,宁夏红寺堡汇发村镇银行股份有限公司,村镇银行,163
S0014H365020001,克拉玛依金龙国民村镇银行有限责任公司,村镇银行,163
S0015H262010001,兰州七里河新华村镇银行股份有限公司,村镇银行,163
S0015H313050001,宁晋民生村镇银行股份有限公司,村镇银行,163
S0015H314060001,朔州市朔城区蒙银村镇银行股份有限公司,村镇银行,163
S0015H315060001,杭锦大众村镇银行有限责任公司,村镇银行,163
S0015H322030001,四平铁东德丰村镇银行股份有限公司,村镇银行,164
S0015H332090001,江苏射阳太商村镇银行股份有限公司,村镇银行,164
S0015H333080001,浙江龙游义商村镇银行股份有限公司,村镇银行,164
S0015H335040001,福建大田晋农商村镇银行股份有限公司,村镇银行,164
S0015H336080002,吉州珠江村镇银行股份有限公司,村镇银行,164
S0015H337070001,青州中银富登村镇银行有限公司,村镇银行,164
S0015H341030001,嵩县兴福村镇银行股份有限公司,村镇银行,164
S0015H342080001,钟祥民生村镇银行股份有限公司,村镇银行,164
S0015H343130001,双峰沪农商村镇银行股份有限公司,村镇银行,164
S0015H344040001,珠海横琴村镇银行股份有限公司,村镇银行,164
S0015H345030001,灵川深通村镇银行有限责任公司,村镇银行,164
S0015H351340001,西昌金信村镇银行有限责任公司,村镇银行,164
S0015H352020001,六盘水钟山凉都村镇银行股份有限公司,村镇银行,164
S0015H353250001,开远沪农商村镇银行股份有限公司,村镇银行,164
S0015H361020001,铜川耀州新华村镇银行股份有限公司,村镇银行,165
S0015H364040001,宁夏原州津汇村镇银行有限责任公司,村镇银行,165
S0015H365400001,伊犁国民村镇银行有限责任公司,村镇银行,165
S0016H214010001,清徐惠民村镇银行有限责任公司,村镇银行,165
S0016H253010001,嵩明沪农商村镇银行股份有限公司,村镇银行,165
S0016H261010001,西安长安新华村镇银行股份有限公司,村镇银行,165
S0016H262010001,兰州皋兰新华村镇银行股份有限公司,村镇银行,165
S0016H313100001,廊坊市安次区惠民村镇银行股份有限公司,村镇银行,165
S0016H323050001,宝清广益村镇银行股份有限公司,村镇银行,165
S0016H332100001,江苏江都吉银村镇银行股份有限公司,村镇银行,165
S0016H333100001,浙江临海湖商村镇银行股份有限公司,村镇银行,165
S0016H336070001,江西兴国新华村镇银行股份有限公司,村镇银行,165
S0016H337140001,临邑中银富登村镇银行有限公司,村镇银行,165
S0016H341140001,睢县德商村镇银行股份有限公司,村镇银行,165
S0016H342100001,洪湖融兴村镇银行有限责任公司,村镇银行,166
S0016H343130001,涟源沪农商村镇银行股份有限公司,村镇银行,166
S0016H344050001,广东澄海潮商村镇银行股份有限公司,村镇银行,166
S0016H345050001,合浦国民村镇银行有限责任公司,村镇银行,166
S0016H351200001,资阳民生村镇银行股份有限公司,村镇银行,166
S0016H352260001,施秉金鼎村镇银行有限责任公司,村镇银行,166
S0016H364030001,宁夏同心津汇村镇银行有限责任公司,村镇银行,166
S0016H365230001,乌鲁木齐米东浦发村镇银行股份有限公司,村镇银行,166
S0017H223010001,依兰惠鑫村镇银行有限责任公司,村镇银行,166
S0017H314090001,原平市汇民村镇银行有限责任公司,村镇银行,166
S0017H322020001,舒兰吉银村镇银行股份有限公司,村镇银行,166
S0017H333110001,浙江庆元泰隆村镇银行股份有限公司,村镇银行,166
S0017H336110001,玉山三清山村镇银行股份有限公司,村镇银行,166
S0017H342060001,谷城中银富登村镇银行有限公司,村镇银行,166
S0017H343020001,醴陵沪农商村镇银行股份有限公司,村镇银行,167
S0017H344520001,广东普宁汇成村镇银行股份有限公司,村镇银行,167
S0017H345090001,广西容县桂银村镇银行股份有限公司,村镇银行,167
S0017H350010001,重庆忠县稠州村镇银行股份有限公司,村镇银行,167
S0017H351170001,四川大竹渝农商村镇银行股份有限公司,村镇银行,167
S0017H352030001,绥阳黔北村镇银行有限责任公司,村镇银行,167
S0017H353310001,瑞丽沪农商村镇银行股份有限公司,村镇银行,167
S0017H361090001,安康汉滨中银富登村镇银行有限公司,村镇银行,167
S0017H364040001,宁夏西吉汇发村镇银行股份有限公司,村镇银行,167
S0017H365210001,鄯善中成村镇银行股份有限公司,村镇银行,167
S0018H223010001,哈尔滨宾洲村镇银行有限责任公司,村镇银行,167
S0018H244010001,广州花都稠州村镇银行股份有限公司,村镇银行,167
S0018H264010001,宁夏永宁汇发村镇银行股份有限公司,村镇银行,167
S0018H313100001,文安县惠民村镇银行股份有限公司,村镇银行,167
S0018H314070001,介休市华都村镇银行有限责任公司,村镇银行,168
S0018H322240001,珲春吉银村镇银行股份有限公司,村镇银行,168
S0018H333110001,浙江缙云联合村镇银行股份有限公司,村镇银行,168
S0018H335050001,惠安中成村镇银行股份有限公司,村镇银行,168
S0018H336060001,贵溪九银村镇银行股份有限公司,村镇银行,168
S0018H337050001,广饶梁邹村镇银行股份有限公司,村镇银行,168
S0018H341060001,淇县中原村镇银行股份有限公司,村镇银行,168
S0018H342060001,枣阳中银富登村镇银行有限公司,村镇银行,168
S0018H343040001,衡阳县沪农商村镇银行股份有限公司,村镇银行,168
S0018H350000001,重庆黔江银座村镇银行股份有限公司,村镇银行,168
S0018H351110001,乐山昆仑村镇银行有限责任公司,村镇银行,168
S0018H352260001,从江月明村镇银行有限责任公司,村镇银行,168
S0018H353250001,个旧沪农商村镇银行股份有限公司,村镇银行,168
S0018H361070001,城固中银富登村镇银行有限公司,村镇银行,168
S0018H362040001,白银平川中银富登村镇银行有限公司,村镇银行,169
S0018H365430001,富蕴中成村镇银行股份有限公司,村镇银行,169
S0019H223010001,尚志惠鑫村镇银行有限责任公司,村镇银行,169
S0019H243010001,长沙星沙沪农商村镇银行股份有限公司,村镇银行,169
S0019H246010001,兴福村镇银行股份有限公司,村镇银行,169
S0019H261010001,蓝田中银富登村镇银行有限公司,村镇银行,169
S0019H264010001,宁夏西夏贺兰山村镇银行股份有限公司,村镇银行,169
S0019H313090001,任丘村镇银行股份有限公司,村镇银行,169
S0019H315080001,巴彦淖尔市临河黄河村镇银行股份有限公司,村镇银行,169
S0019H333070001,浙江兰溪越商村镇银行股份有限公司,村镇银行,169
S0019H334070001,枞阳泰业村镇银行股份有限公司,村镇银行,169
S0019H335040001,福建将乐成功村镇银行股份有限公司,村镇银行,169
S0019H336100001,南丰桔都村镇银行有限责任公司,村镇银行,169
S0019H337100001,山东荣成汇丰村镇银行有限责任公司,村镇银行,169
S0019H341070001,长垣民生村镇银行股份有限公司,村镇银行,170
S0019H342060001,老河口中银富登村镇银行有限公司,村镇银行,170
S0019H344530001,云浮新兴东盈村镇银行股份有限公司,村镇银行,170
S0019H350040001,重庆渝北银座村镇银行有限责任公司,村镇银行,170
S0019H352240001,大方富民村镇银行股份有限公司,村镇银行,170
S0019H353250001,蒙自沪农商村镇银行股份有限公司,村镇银行,170
S0019H362290001,和政神舟村镇银行股份有限公司,村镇银行,170
S0019H365230001,奇台利丰村镇银行有限责任公司,村镇银行,170
S0020H222010001,长春双阳吉银村镇银行股份有限公司,村镇银行,170
S0020H223010001,哈尔滨农信村镇银行股份有限公司,村镇银行,170
S0020H250000001,重庆九龙坡民泰村镇银行股份有限公司,村镇银行,170
S0020H251010001,金堂汇金村镇银行有限责任公司,村镇银行,170
S0020H261010001,陕西户县海丝村镇银行股份有限公司,村镇银行,170
S0020H265010001,乌鲁木齐县利丰村镇银行有限责任公司,村镇银行,170
S0020H313090001,沧县吉银村镇银行股份有限公司,村镇银行,171
S0020H332050001,苏州常熟中银富登村镇银行有限责任公司,村镇银行,171
S0020H333060001,浙江新昌浦发村镇银行股份有限公司,村镇银行,171
S0020H334100001,安徽休宁大地村镇银行股份有限公司,村镇银行,171
S0020H335040001,福建尤溪成功村镇银行股份有限公司,村镇银行,171
S0020H336030001,萍乡安源富民村镇银行股份有限公司,村镇银行,171
S0020H337030001,沂源博商村镇银行股份有限公司,村镇银行,171
S0020H341100001,禹州新民生村镇银行股份有限公司,村镇银行,171
S0020H342090001,应城融兴村镇银行有限责任公司,村镇银行,171
S0020H343070001,石门沪农商村镇银行股份有限公司,村镇银行,171
S0020H352240001,金沙富民村镇银行股份有限公司,村镇银行,171
S0020H353250001,建水沪农商村镇银行股份有限公司,村镇银行,171
S0020H362110001,陇西神舟村镇银行股份有限公司,村镇银行,171
S0020H364040001,宁夏彭阳贺兰山村镇银行股份有限公司,村镇银行,171
S0021H222010001,农安北银村镇银行股份有限公司,村镇银行,172
S0021H242900001,潜江中银富登村镇银行有限公司,村镇银行,172
S0021H244010001,广州从化柳银村镇银行股份有限公司,村镇银行,172
S0021H261010001,陕西临潼海丝村镇银行股份有限公司,村镇银行,172
S0021H313100002,永清吉银村镇银行股份有限公司,村镇银行,172
S0021H314110001,汾阳市九都村镇银行有限责任公司,村镇银行,172
S0021H321130001,北票盛都村镇银行有限责任公司,村镇银行,172
S0021H323120001,黑龙江肇东中银富登村镇银行有限责任公司,村镇银行,172
S0021H332120001,兴化苏南村镇银行股份有限公司,村镇银行,172
S0021H333080001,浙江常山联合村镇银行股份有限公司,村镇银行,172
S0021H334170001,安徽青阳九华村镇银行股份有限公司,村镇银行,172
S0021H335070001,浦城中成村镇银行股份有限公司,村镇银行,172
S0021H336030001,萍乡湘东黄海村镇银行股份有限公司,村镇银行,172
S0021H337090001,山东肥城民丰村镇银行有限责任公司,村镇银行,172
S0021H341070001,辉县珠江村镇银行股份有限公司,村镇银行,173
S0021H343070001,临澧沪农商村镇银行股份有限公司,村镇银行,173
S0021H351090001,遂宁安居融兴村镇银行有限责任公司,村镇银行,173
S0021H352240001,纳雍富民村镇银行股份有限公司,村镇银行,173
S0021H353050001,保山隆阳沪农商村镇银行股份有限公司,村镇银行,173
S0021H362080001,平凉崆峒融兴村镇银行有限责任公司,村镇银行,173
S0021H365420001,乌苏利丰村镇银行有限责任公司,村镇银行,173
S0022H222010001,公主岭浦发村镇银行股份有限公司,村镇银行,173
S0022H241010001,新密郑银村镇银行股份有限公司,村镇银行,173
S0022H252010001,贵阳白云德信村镇银行股份有限公司,村镇银行,173
S0022H253010001,云南安宁稠州村镇银行股份有限公司,村镇银行,173
S0022H265010001,新疆建新成功村镇银行股份有限公司,村镇银行,173
S0022H313090001,河间融惠村镇银行有限责任公司,村镇银行,173
S0022H314040001,襄垣县融汇村镇银行有限责任公司,村镇银行,173
S0022H332060001,南通如皋润泽村镇银行股份有限公司,村镇银行,174
S0022H333030001,浙江文成北银村镇银行股份有限公司,村镇银行,174
S0022H334050001,安徽和县新华村镇银行股份有限公司,村镇银行,174
S0022H335080001,上杭中成村镇银行股份有限公司,村镇银行,174
S0022H337130001,临沭民丰村镇银行有限责任公司,村镇银行,174
S0022H343070001,澧县沪农商村镇银行股份有限公司,村镇银行,174
S0022H361040001,陕西三原海丝村镇银行股份有限公司,村镇银行,174
S0022H362050001,天水麦积融兴村镇银行有限责任公司,村镇银行,174
S0023H233010001,浙江余杭德商村镇银行股份有限公司,村镇银行,174
S0023H241010001,济源齐鲁村镇银行有限责任公司,村镇银行,174
S0023H244010001,广州白云民泰村镇银行股份有限公司,村镇银行,174
S0023H253010001,昆明官渡沪农商村镇银行股份有限公司,村镇银行,174
S0023H261010001,陕西周至农科村镇银行股份有限公司,村镇银行,174
S0023H262010001,兰州安宁神舟村镇银行股份有限公司,村镇银行,174
S0023H314070001,晋中市太谷兴泰村镇银行股份有限公司,村镇银行,175
S0023H315090001,四子王蒙银村镇银行股份有限公司,村镇银行,175
S0023H321140001,绥中长丰村镇银行股份有限公司,村镇银行,175
S0023H323100001,海林远东村镇银行股份有限公司,村镇银行,175
S0023H332060001,江苏海门中银富登村镇银行有限责任公司,村镇银行,175
S0023H334110001,安徽定远民丰村镇银行股份有限公司,村镇银行,175
S0023H335040001,福建泰宁晋农商大金湖村镇银行股份有限公司,村镇银行,175
S0023H336050001,新余孔目江成功村镇银行股份有限公司,村镇银行,175
S0023H342100001,松滋中银富登村镇银行有限公司,村镇银行,175
S0023H343100001,永兴沪农商村镇银行股份有限公司,村镇银行,175
S0023H351150001,宜宾兴宜村镇银行有限责任公司,村镇银行,175
S0023H352030001,遵义播州汇隆村镇银行有限责任公司,村镇银行,175
S0023H365290001,阿拉尔津汇村镇银行有限责任公司,村镇银行,175
S0024H261010001,西安雁塔恒通村镇银行股份有限公司,村镇银行,175
S0024H314110001,中阳县太行村镇银行股份有限公司,村镇银行,176
S0024H323100001,穆棱远东村镇银行股份有限公司,村镇银行,176
S0024H332060001,江苏海安盐海村镇银行股份有限公司,村镇银行,176
S0024H334080001,安徽潜山江淮村镇银行股份有限公司,村镇银行,176
S0024H335080001,福建永定瑞狮村镇银行股份有限公司,村镇银行,176
S0024H341100001,长葛轩辕村镇银行有限责任公司,村镇银行,176
S0024H342100001,监利中银富登村镇银行有限公司,村镇银行,176
S0024H343100001,桂阳沪农商村镇银行股份有限公司,村镇银行,176
S0024H345020001,广西鱼峰信合村镇银行有限责任公司,村镇银行,176
S0024H350000001,重庆彭水民泰村镇银行股份有限公司,村镇银行,176
S0024H351100001,内江兴隆村镇银行股份有限公司,村镇银行,176
S0024H352030001,遵义汇川黔兴村镇银行有限责任公司,村镇银行,176
S0024H353050001,腾冲民生村镇银行股份有限公司,村镇银行,176
S0024H362050001,天水秦州长银村镇银行股份有限公司,村镇银行,176
S0024H365230001,呼图壁津汇村镇银行有限责任公司,村镇银行,177
S0025H313090001,黄骅青隆村镇银行股份有限公司,村镇银行,177
S0025H314100001,侯马市太行村镇银行股份有限公司,村镇银行,177
S0025H333070001,浙江浦江嘉银村镇银行股份有限公司,村镇银行,177
S0025H334100001,安徽歙县嘉银村镇银行股份有限公司,村镇银行,177
S0025H335080001,福建新罗晋农商村镇银行股份有限公司,村镇银行,177
S0025H341030001,偃师融兴村镇银行有限责任公司,村镇银行,177
S0025H343080001,慈利沪农商村镇银行股份有限公司,村镇银行,177
S0025H345080001,广西平南桂银村镇银行股份有限公司,村镇银行,177
S0025H350030001,重庆石柱中银富登村镇银行有限公司,村镇银行,177
S0025H351110001,乐山嘉州民富村镇银行有限责任公司,村镇银行,177
S0025H352040001,安顺西航南马村镇银行有限责任公司,村镇银行,177
S0025H353290001,云南祥云渝农商村镇银行有限责任公司,村镇银行,177
S0025H361020001,铜川印台恒通村镇银行股份有限公司,村镇银行,177
S0025H365280001,铁门关津汇村镇银行有限责任公司,村镇银行,178
S0026H221010001,沈阳新民富民村镇银行股份有限公司,村镇银行,178
S0026H252010001,清镇兴邦村镇银行有限责任公司,村镇银行,178
S0026H323020001,讷河融兴村镇银行有限责任公司,村镇银行,178
S0026H332060001,江苏启东珠江村镇银行股份有限公司,村镇银行,178
S0026H333080001,浙江衢州衢江上银村镇银行股份有限公司,村镇银行,178
S0026H334080001,望江新华村镇银行股份有限公司,村镇银行,178
S0026H335070001,福建建阳瑞狮村镇银行股份有限公司,村镇银行,178
S0026H336080001,安福中银富登村镇银行有限公司,村镇银行,178
S0026H337110001,日照九银村镇银行股份有限公司,村镇银行,178
S0026H343090001,沅江浦发村镇银行股份有限公司,村镇银行,178
S0026H344140001,五华惠民村镇银行股份有限公司,村镇银行,178
S0026H345080001,广西桂平桂银村镇银行股份有限公司,村镇银行,178
S0026H350040001,重庆长寿中银富登村镇银行有限公司,村镇银行,178
S0026H365420001,塔城津汇村镇银行有限责任公司,村镇银行,179
S0027H314070001,灵石县汇民村镇银行有限责任公司,村镇银行,179
S0027H321110001,盘山安泰村镇银行股份有限公司,村镇银行,179
S0027H332120001,江苏泰兴中银富登村镇银行有限责任公司,村镇银行,179
S0027H333030001,浙江泰顺温银村镇银行股份有限公司,村镇银行,179
S0027H334080001,安徽宿松民丰村镇银行有限责任公司,村镇银行,179
S0027H335030001,福建仙游瑞狮村镇银行股份有限公司,村镇银行,179
S0027H336090001,宜丰中银富登村镇银行有限公司,村镇银行,179
S0027H337060001,海阳珠江村镇银行股份有限公司,村镇银行,179
S0027H341080001,河南沁阳江南村镇银行股份有限公司,村镇银行,179
S0027H342020001,湖北大冶泰隆村镇银行有限责任公司,村镇银行,179
S0027H343020001,茶陵浦发村镇银行股份有限公司,村镇银行,179
S0027H344180001,清远清新惠民村镇银行股份有限公司,村镇银行,179
S0027H345140001,扶绥深通村镇银行有限责任公司,村镇银行,179
S0027H350010001,重庆奉节中银富登村镇银行有限公司,村镇银行,180
S0027H351140002,彭山珠江村镇银行股份有限公司,村镇银行,180
S0027H352240001,赫章富民村镇银行股份有限公司,村镇银行,180
S0027H353290001,云南鹤庆渝农商村镇银行有限责任公司,村镇银行,180
S0027H361080001,陕西榆林横山汇发村镇银行股份有限公司,村镇银行,180
S0027H365280001,尉犁达西冀银村镇银行有限责任公司,村镇银行,180
S0028H214010001,古交市阜民村镇银行股份有限公司,村镇银行,180
S0028H251010001,新津珠江村镇银行股份有限公司,村镇银行,180
S0028H313090001,东光青隆村镇银行股份有限公司,村镇银行,180
S0028H315290001,阿拉善左旗黄河村镇银行股份有限公司,村镇银行,180
S0028H323080001,富锦幸福村镇银行股份有限公司,村镇银行,180
S0028H332090001,江苏大丰江南村镇银行股份有限公司,村镇银行,180
S0028H334030001,安徽五河永泰村镇银行股份有限公司,村镇银行,180
S0028H335080001,长汀汀州红村镇银行股份有限公司,村镇银行,180
S0028H336060001,鹰潭月湖恒通村镇银行股份有限公司,村镇银行,181
S0028H337060001,莱州珠江村镇银行股份有限公司,村镇银行,181
S0028H341030001,新安融兴村镇银行有限责任公司,村镇银行,181
S0028H342050001,枝江汉银村镇银行股份有限公司,村镇银行,181
S0028H343100001,临武浦发村镇银行股份有限公司,村镇银行,181
S0028H345100001,百色右江华润村镇银行股份有限公司,村镇银行,181
S0028H350010001,重庆巫山中银富登村镇银行有限公司,村镇银行,181
S0028H352240001,威宁富民村镇银行股份有限公司,村镇银行,181
S0028H353340001,云南香格里拉渝农商村镇银行有限责任公司,村镇银行,181
S0028H365230001,阜康津汇村镇银行有限责任公司,村镇银行,181
S0029H214010001,古交市汇泽村镇银行股份有限公司,村镇银行,181
S0029H241010001,登封齐鲁村镇银行有限责任公司,村镇银行,181
S0029H313090001,青县青隆村镇银行股份有限公司,村镇银行,181
S0029H321110001,大洼恒丰村镇银行股份有限公司,村镇银行,181
S0029H322050001,集安惠鑫村镇银行股份有限公司,村镇银行,182
S0029H323120001,安达幸福村镇银行股份有限公司,村镇银行,182
S0029H332030001,江苏沛县汉源村镇银行股份有限公司,村镇银行,182
S0029H333080001,浙江江山中银富登村镇银行有限责任公司,村镇银行,182
S0029H334130001,安徽宿州淮海村镇银行股份有限公司,村镇银行,182
S0029H335060001,南靖中成村镇银行股份有限公司,村镇银行,182
S0029H336100001,广昌南银村镇银行股份有限公司,村镇银行,182
S0029H337040001,山东滕州中银富登村镇银行有限责任公司,村镇银行,182
S0029H342080001,荆门东宝惠民村镇银行股份有限公司,村镇银行,182
S0029H343040001,衡南浦发村镇银行股份有限公司,村镇银行,182
S0029H345060001,防城港防城国民村镇银行有限责任公司,村镇银行,182
S0029H350010001,重庆万州中银富登村镇银行有限公司,村镇银行,182
S0029H351060001,广汉珠江村镇银行股份有限公司,村镇银行,182
S0029H361060001,陕西吴起汇发村镇银行股份有限公司,村镇银行,182
S0030H223010001,哈尔滨幸福村镇银行股份有限公司,村镇银行,183
S0030H243010001,湖南浏阳江淮村镇银行股份有限公司,村镇银行,183
S0030H245010001,南宁武鸣漓江村镇银行有限责任公司,村镇银行,183
S0030H313090001,沧州市运河青隆村镇银行股份有限公司,村镇银行,183
S0030H314070001,寿阳县汇都村镇银行有限责任公司,村镇银行,183
S0030H321130001,凌源天元村镇银行股份有限公司,村镇银行,183
S0030H332030001,江苏丰县民丰村镇银行有限责任公司,村镇银行,183
S0030H333070001,浙江磐安婺商村镇银行股份有限公司,村镇银行,183
S0030H334110001,安徽明光民丰村镇银行有限责任公司,村镇银行,183
S0030H335090001,古田刺桐红村镇银行有限公司,村镇银行,183
S0030H336110001,上饶中银富登村镇银行有限公司,村镇银行,183
S0030H337080001,嘉祥中银富登村镇银行有限公司,村镇银行,183
S0030H341020001,兰考齐鲁村镇银行有限责任公司,村镇银行,183
S0030H344530001,云安惠民村镇银行股份有限公司,村镇银行,183
S0030H350010001,重庆城口中银富登村镇银行有限公司,村镇银行,184
S0030H351090001,蓬溪中银富登村镇银行有限公司,村镇银行,184
S0030H353290001,大理古城中成村镇银行股份有限公司,村镇银行,184
S0030H361030001,扶风浦发村镇银行股份有限公司,村镇银行,184
S0031H221010001,沈阳法库富民村镇银行股份有限公司,村镇银行,184
S0031H244010001,广州黄埔惠民村镇银行股份有限公司,村镇银行,184
S0031H313060001,高碑店中成村镇银行股份有限公司,村镇银行,184
S0031H314100001,襄汾县万都村镇银行有限责任公司,村镇银行,184
S0031H323110001,嫩江幸福村镇银行股份有限公司,村镇银行,184
S0031H332080001,江苏盱眙珠江村镇银行股份有限公司,村镇银行,184
S0031H333110001,浙江龙泉民泰村镇银行股份有限公司,村镇银行,184
S0031H334110001,来安中银富登村镇银行有限公司,村镇银行,184
S0031H335060001,福建诏安汇通村镇银行股份有限公司,村镇银行,184
S0031H336030001,江西上栗富民村镇银行股份有限公司,村镇银行,184
S0031H337170001,单县中银富登村镇银行有限公司,村镇银行,185
S0031H341110001,漯河郾城中原村镇银行有限责任公司,村镇银行,185
S0031H342110001,湖北麻城汇丰村镇银行有限责任公司,村镇银行,185
S0031H345110001,贺州八步东盈村镇银行股份有限公司,村镇银行,185
S0031H350020001,重庆涪陵中银富登村镇银行有限公司,村镇银行,185
S0031H351190001,巴中中银富登村镇银行有限责任公司,村镇银行,185
S0031H352040002,镇宁汇商村镇银行有限责任公司,村镇银行,185
S0031H361030001,陕西太白长银村镇银行股份有限公司,村镇银行,185
S0032H233010001,浙江桐庐恒丰村镇银行股份有限公司,村镇银行,185
S0032H313060001,曲阳中成村镇银行股份有限公司,村镇银行,185
S0032H323030001,密山民意村镇银行股份有限公司,村镇银行,185
S0032H332100001,扬州仪征玉丰村镇银行有限责任公司,村镇银行,185
S0032H334110001,全椒中银富登村镇银行有限公司,村镇银行,185
S0032H335070001,光泽刺桐红村镇银行有限公司,村镇银行,185
S0032H336080001,泰和中银富登村镇银行有限公司,村镇银行,186
S0032H337070001,山东诸城中银富登村镇银行有限责任公司,村镇银行,186
S0032H342050001,兴山本富村镇银行有限责任公司,村镇银行,186
S0032H344140001,兴宁珠江村镇银行股份有限公司,村镇银行,186
S0032H345070001,广西钦州市钦南国民村镇银行有限责任公司,村镇银行,186
S0032H350020001,重庆垫江中银富登村镇银行有限公司,村镇银行,186
S0032H361030001,陕西陇县长银村镇银行股份有限公司,村镇银行,186
S0033H221010001,沈阳辽中富民村镇银行股份有限公司,村镇银行,186
S0033H244010001,广州黄埔融和村镇银行股份有限公司,村镇银行,186
S0033H313060001,涿州中成村镇银行股份有限公司,村镇银行,186
S0033H314090001,代县泓都村镇银行有限责任公司,村镇银行,186
S0033H315070001,扎兰屯蒙银村镇银行股份有限公司,村镇银行,186
S0033H323080001,同江汇鑫村镇银行股份有限公司,村镇银行,186
S0033H332090001,阜宁民生村镇银行股份有限公司,村镇银行,186
S0033H333100001,浙江温岭联合村镇银行股份有限公司,村镇银行,187
S0033H334020001,芜湖圆融村镇银行股份有限公司,村镇银行,187
S0033H335090001,屏南刺桐红村镇银行有限公司,村镇银行,187
S0033H336110001,余干恒通村镇银行股份有限公司,村镇银行,187
S0033H337080001,山东邹城中银富登村镇银行有限责任公司,村镇银行,187
S0033H341140001,虞城通商村镇银行股份有限公司,村镇银行,187
S0033H342020001,阳新汉银村镇银行股份有限公司,村镇银行,187
S0033H345050001,广西银海国民村镇银行有限责任公司,村镇银行,187
S0033H350010001,重庆巫溪中银富登村镇银行有限公司,村镇银行,187
S0033H352040001,安顺西秀富民村镇银行股份有限公司,村镇银行,187
S0033H361040001,长武中银富登村镇银行有限公司,村镇银行,187
S0034H233010001,浙江临安中信村镇银行股份有限公司,村镇银行,187
S0034H250000001,重庆南岸中银富登村镇银行有限公司,村镇银行,187
S0034H313060001,定州中成村镇银行股份有限公司,村镇银行,187
S0034H314110001,临县泉都村镇银行有限责任公司,村镇银行,188
S0034H315090001,卓资蒙银村镇银行股份有限公司,村镇银行,188
S0034H332050001,太仓民生村镇银行股份有限公司,村镇银行,188
S0034H334030001,安徽怀远本富村镇银行有限责任公司,村镇银行,188
S0034H335090001,寿宁刺桐红村镇银行有限公司,村镇银行,188
S0034H336110001,横峰恒通村镇银行股份有限公司,村镇银行,188
S0034H341020001,开封新东方村镇银行股份有限公司,村镇银行,188
S0034H342100001,公安中银富登村镇银行有限公司,村镇银行,188
S0034H345020001,广西鹿寨渝农商村镇银行有限责任公司,村镇银行,188
S0034H361040001,旬邑中银富登村镇银行有限公司,村镇银行,188
S0035H251010001,成都郫都中银富登村镇银行有限责任公司,村镇银行,188
S0035H313060001,望都中成村镇银行股份有限公司,村镇银行,188
S0035H321050001,本溪禾丰村镇银行股份有限公司,村镇银行,188
S0035H332110001,扬中恒丰村镇银行股份有限公司,村镇银行,188
S0035H333110001,浙江景宁银座村镇银行股份有限公司,村镇银行,189
S0035H334130001,安徽灵璧本富村镇银行有限责任公司,村镇银行,189
S0035H335090001,柘荣刺桐红村镇银行有限公司,村镇银行,189
S0035H336080001,万安洪都村镇银行股份有限公司,村镇银行,189
S0035H337060001,烟台福山珠江村镇银行股份有限公司,村镇银行,189
S0035H341100001,许昌新浦村镇银行股份有限公司,村镇银行,189
S0035H342120001,通城惠民村镇银行有限责任公司,村镇银行,189
S0035H345070001,广西浦北国民村镇银行有限责任公司,村镇银行,189
S0035H350030001,重庆秀山北银村镇银行股份有限公司,村镇银行,189
S0035H352030001,遵义红花岗富民村镇银行股份有限公司,村镇银行,189
S0035H361040001,永寿中银富登村镇银行有限公司,村镇银行,189
S0036H237010001,济南长清沪农商村镇银行股份有限公司,村镇银行,189
S0036H245010001,广西上林国民村镇银行有限责任公司,村镇银行,189
S0036H313060001,安国中成村镇银行股份有限公司,村镇银行,189
S0036H314110001,交口县融都村镇银行有限责任公司,村镇银行,190
S0036H332120001,泰州姜堰锡州村镇银行股份有限公司,村镇银行,190
S0036H333110001,浙江丽水莲都中银富登村镇银行有限责任公司,村镇银行,190
S0036H334180001,宁国民生村镇银行股份有限公司,村镇银行,190
S0036H335090001,周宁刺桐红村镇银行有限公司,村镇银行,190
S0036H336080001,新干中银富登村镇银行有限公司,村镇银行,190
S0036H341050001,林州中原村镇银行股份有限公司,村镇银行,190
S0036H344040001,珠海香洲兴福村镇银行股份有限公司,村镇银行,190
S0036H350060001,重庆永川北银村镇银行股份有限公司,村镇银行,190
S0036H352270001,惠水恒升村镇银行股份有限公司,村镇银行,190
S0036H353330001,泸水中成村镇银行股份有限公司,村镇银行,190
S0036H361040001,淳化中银富登村镇银行有限公司,村镇银行,190
S0037H214010001,太原市尖草坪区信都村镇银行股份有限公司,村镇银行,190
S0037H215010001,呼和浩特市如意蒙银村镇银行股份有限公司,村镇银行,190
S0037H237010001,济南槐荫沪农商村镇银行股份有限公司,村镇银行,191
S0037H252010001,贵阳小河科技村镇银行股份有限公司,村镇银行,191
S0037H253010001,昆明五华长江村镇银行股份有限公司,村镇银行,191
S0037H313070001,宣化中成村镇银行股份有限公司,村镇银行,191
S0037H321120001,调兵山惠民村镇银行股份有限公司,村镇银行,191
S0037H334170001,池州贵池民生村镇银行股份有限公司,村镇银行,191
S0037H335070001,邵武刺桐红村镇银行股份有限公司,村镇银行,191
S0037H336110001,江西信州江淮村镇银行股份有限公司,村镇银行,191
S0037H341100001,襄城中原村镇银行股份有限公司,村镇银行,191
S0037H342080001,沙洋中银富登村镇银行有限公司,村镇银行,191
S0037H344050001,汕头龙湖长江村镇银行股份有限公司,村镇银行,191
S0037H345040001,苍梧深通村镇银行有限责任公司,村镇银行,191
S0037H351080001,广元市贵商村镇银行股份有限公司,村镇银行,191
S0037H361070001,汉中汉台铺镇聚利村镇银行股份有限公司,村镇银行,191
S0038H245010001,南宁兴宁长江村镇银行股份有限公司,村镇银行,192
S0038H251010001,四川成都蒲江民富村镇银行有限责任公司,村镇银行,192
S0038H253010001,昆明宜良融丰村镇银行股份有限公司,村镇银行,192
S0038H313020001,滦州中成村镇银行股份有限公司,村镇银行,192
S0038H314090001,五台莱商村镇银行股份有限公司,村镇银行,192
S0038H321060001,丹东鼎安村镇银行股份有限公司,村镇银行,192
S0038H332070001,江苏灌南民丰村镇银行有限责任公司,村镇银行,192
S0038H333040001,浙江桐乡民泰村镇银行股份有限公司,村镇银行,192
S0038H334110001,天长民生村镇银行股份有限公司,村镇银行,192
S0038H335090001,霞浦刺桐红村镇银行有限公司,村镇银行,192
S0038H336110001,江西婺源江淮村镇银行股份有限公司,村镇银行,192
S0038H337110001,日照沪农商村镇银行股份有限公司,村镇银行,192
S0038H341130001,河南新野中银富登村镇银行有限责任公司,村镇银行,192
S0038H342060001,南漳中银富登村镇银行有限公司,村镇银行,192
S0038H344510001,潮州潮安长江村镇银行股份有限公司,村镇银行,193
S0038H352040001,关岭恒升村镇银行股份有限公司,村镇银行,193
S0038H361100001,陕西商南聚利村镇银行股份有限公司,村镇银行,193
S0039H251010001,四川成都龙泉驿稠州村镇银行股份有限公司,村镇银行,193
S0039H313090001,沧州海兴新华村镇银行股份有限公司,村镇银行,193
S0039H314090001,忻州市忻府区秀都村镇银行有限责任公司,村镇银行,193
S0039H321060001,丹东鼎元村镇银行股份有限公司,村镇银行,193
S0039H332070001,江苏灌云民丰村镇银行有限责任公司,村镇银行,193
S0039H333100001,浙江天台民生村镇银行股份有限公司,村镇银行,193
S0039H334160001,安徽利辛湖商村镇银行股份有限公司,村镇银行,193
S0039H335090001,福建蕉城刺桐红村镇银行有限公司,村镇银行,193
S0039H336050001,新余渝水湘淮村镇银行股份有限公司,村镇银行,193
S0039H337130001,山东莒南村镇银行有限公司,村镇银行,193
S0039H341030001,孟津民丰村镇银行股份有限公司,村镇银行,193
S0039H342110001,湖北红安长江村镇银行股份有限公司,村镇银行,194
S0039H344090001,茂名电白长江村镇银行股份有限公司,村镇银行,194
S0039H345100001,百色靖西长江村镇银行股份有限公司,村镇银行,194
S0039H352260001,凯里东南村镇银行有限责任公司,村镇银行,194
S0039H353070001,丽江玉龙长江村镇银行股份有限公司,村镇银行,194
S0039H361060001,陕西安塞中银富登村镇银行有限责任公司,村镇银行,194
S0040H232010001,南京六合九银村镇银行股份有限公司,村镇银行,194
S0040H233010001,浙江淳安中银富登村镇银行有限责任公司,村镇银行,194
S0040H235010001,福建罗源汇融村镇银行股份有限公司,村镇银行,194
S0040H251010001,崇州上银村镇银行股份有限公司,村镇银行,194
S0040H313090001,沧州盐山新华村镇银行股份有限公司,村镇银行,194
S0040H314110001,文水县润都村镇银行有限责任公司,村镇银行,194
S0040H322050001,通化二道江瑞丰村镇银行股份有限公司,村镇银行,194
S0040H334160001,安徽蒙城湖商村镇银行股份有限公司,村镇银行,194
S0040H336100001,乐安洪都村镇银行股份有限公司,村镇银行,195
S0040H337090001,宁阳沪农商村镇银行股份有限公司,村镇银行,195
S0040H341100001,鄢陵郑银村镇银行股份有限公司,村镇银行,195
S0040H342110001,湖北英山长江村镇银行股份有限公司,村镇银行,195
S0040H344130001,惠州博罗长江村镇银行股份有限公司,村镇银行,195
S0040H345140001,崇左大新长江村镇银行股份有限公司,村镇银行,195
S0040H352270001,贵定恒升村镇银行股份有限公司,村镇银行,195
S0040H353070001,丽江永胜长江村镇银行股份有限公司,村镇银行,195
S0040H361100001,陕西柞水聚利村镇银行股份有限公司,村镇银行,195
S0041H232010001,南京浦口靖发村镇银行股份有限公司,村镇银行,195
S0041H313020001,滦南中成村镇银行股份有限公司,村镇银行,195
S0041H314110001,岚县慧融村镇银行股份有限公司,村镇银行,195
S0041H315080001,五原蒙银村镇银行股份有限公司,村镇银行,195
S0041H333070001,浙江义乌联合村镇银行股份有限公司,村镇银行,195
S0041H334120001,颍上中银富登村镇银行有限公司,村镇银行,196
S0041H336110001,鄱阳恒通村镇银行股份有限公司,村镇银行,196
S0041H337090001,东平沪农商村镇银行股份有限公司,村镇银行,196
S0041H341080001,孟州射阳村镇银行股份有限公司,村镇银行,196
S0041H344190001,东莞虎门长江村镇银行股份有限公司,村镇银行,196
S0041H345130001,来宾象州长江村镇银行股份有限公司,村镇银行,196
S0041H351160001,岳池中银富登村镇银行有限公司,村镇银行,196
S0041H353030001,曲靖会泽长江村镇银行股份有限公司,村镇银行,196
S0041H361090001,陕西旬阳泰隆村镇银行股份有限公司,村镇银行,196
S0042H245010001,南宁隆安长江村镇银行股份有限公司,村镇银行,196
S0042H313110001,安平惠民村镇银行股份有限公司,村镇银行,196
S0042H314090001,繁峙县新田村镇银行股份有限公司,村镇银行,196
S0042H332020001,江苏惠山民泰村镇银行股份有限公司,村镇银行,196
S0042H333050001,浙江德清湖商村镇银行股份有限公司,村镇银行,196
S0042H334120001,界首中银富登村镇银行有限公司,村镇银行,197
S0042H335050001,福建南安汇通村镇银行股份有限公司,村镇银行,197
S0042H336040001,九江恒通村镇银行股份有限公司,村镇银行,197
S0042H337150001,临清沪农商村镇银行股份有限公司,村镇银行,197
S0042H341050001,安阳珠江村镇银行股份有限公司,村镇银行,197
S0042H344130001,惠东惠民村镇银行股份有限公司,村镇银行,197
S0042H352270001,福泉富民村镇银行股份有限公司,村镇银行,197
S0042H353030001,曲靖宣威长江村镇银行股份有限公司,村镇银行,197
S0042H361030001,陕西眉县泰隆村镇银行股份有限公司,村镇银行,197
S0043H232010001,江苏溧水民丰村镇银行有限责任公司,村镇银行,197
S0043H245010001,南宁马山长江村镇银行股份有限公司,村镇银行,197
S0043H252010001,修文江海村镇银行股份有限公司,村镇银行,197
S0043H314080001,新绛县新田村镇银行股份有限公司,村镇银行,197
S0043H333110001,浙江遂昌富民村镇银行股份有限公司,村镇银行,197
S0043H334040001,安徽寿县联合村镇银行股份有限公司,村镇银行,198
S0043H335060001,东山润鑫村镇银行股份有限公司,村镇银行,198
S0043H336040001,瑞昌九银村镇银行股份有限公司,村镇银行,198
S0043H337150001,聊城沪农商村镇银行股份有限公司,村镇银行,198
S0043H341170001,遂平中原村镇银行股份有限公司,村镇银行,198
S0043H353280001,西双版纳勐海长江村镇银行股份有限公司,村镇银行,198
S0043H361040001,陕西泾阳泰隆村镇银行股份有限公司,村镇银行,198
S0044H232010001,江苏高淳武家嘴中银富登村镇银行有限责任公司,村镇银行,198
S0044H253010001,昆明晋宁融丰村镇银行股份有限公司,村镇银行,198
S0044H314080001,临猗县新田村镇银行股份有限公司,村镇银行,198
S0044H321140001,兴城长兴村镇银行股份有限公司,村镇银行,198
S0044H333110001,浙江松阳恒通村镇银行股份有限公司,村镇银行,198
S0044H334150001,安徽霍山联合村镇银行股份有限公司,村镇银行,198
S0044H335060001,云霄润发村镇银行股份有限公司,村镇银行,198
S0044H336040001,彭泽九银村镇银行股份有限公司,村镇银行,199
S0044H337150001,茌平沪农商村镇银行股份有限公司,村镇银行,199
S0044H341090001,濮阳中原村镇银行股份有限公司,村镇银行,199
S0044H344080001,雷州惠民村镇银行股份有限公司,村镇银行,199
S0044H351130001,南充嘉陵中成村镇银行股份有限公司,村镇银行,199
S0044H352030001,习水中银富登村镇银行有限公司,村镇银行,199
S0045H233010001,浙江萧山湖商村镇银行股份有限公司,村镇银行,199
S0045H314100001,曲沃县新田村镇银行股份有限公司,村镇银行,199
S0045H332040001,江苏武进中银富登村镇银行有限责任公司,村镇银行,199
S0045H334150001,安徽霍邱联合村镇银行股份有限公司,村镇银行,199
S0045H335060001,平和润丰村镇银行股份有限公司,村镇银行,199
S0045H336080001,永新庐陵村镇银行股份有限公司,村镇银行,199
S0045H337150001,阳谷沪农商村镇银行股份有限公司,村镇银行,199
S0045H341150001,信阳珠江村镇银行股份有限公司,村镇银行,199
S0045H344050001,汕头潮阳融和村镇银行股份有限公司,村镇银行,200
S0045H351160001,武胜中银富登村镇银行有限公司,村镇银行,200
S0045H352030001,赤水中银富登村镇银行有限公司,村镇银行,200
S0045H353280001,西双版纳勐腊长江村镇银行股份有限公司,村镇银行,200
S0046H235010001,福建闽清瑞狮村镇银行股份有限公司,村镇银行,200
S0046H314090001,保德县慧融村镇银行股份有限公司,村镇银行,200
S0046H321030001,辽宁岫岩金玉村镇银行股份有限公司,村镇银行,200
S0046H332090001,江苏东台稠州村镇银行股份有限公司,村镇银行,200
S0046H334080001,安徽岳西湖商村镇银行股份有限公司,村镇银行,200
S0046H336080001,青原庐陵村镇银行股份有限公司,村镇银行,200
S0046H337080001,山东梁山民丰村镇银行有限责任公司,村镇银行,200
S0046H341030001,伊川齐鲁村镇银行有限责任公司,村镇银行,200
S0046H344090001,茂名高州长江村镇银行股份有限公司,村镇银行,200
S0046H351180001,雅安雨城惠民村镇银行有限责任公司,村镇银行,200
S0046H352030001,桐梓中银富登村镇银行有限公司,村镇银行,201
S0046H353260001,文山砚山长江村镇银行股份有限公司,村镇银行,201
S0047H214010001,娄烦县三禾村镇银行有限责任公司,村镇银行,201
S0047H313100001,大厂回族自治县新华村镇银行股份有限公司,村镇银行,201
S0047H333060001,浙江诸暨联合村镇银行股份有限公司,村镇银行,201
S0047H334150001,安徽金寨江淮村镇银行股份有限公司,村镇银行,201
S0047H335050001,福建石狮渝农商村镇银行有限责任公司,村镇银行,201
S0047H337160001,山东邹平青隆村镇银行股份有限公司,村镇银行,201
S0047H344170001,阳江阳春长江村镇银行股份有限公司,村镇银行,201
S0047H351160001,邻水中银富登村镇银行有限公司,村镇银行,201
S0047H352030001,湄潭中银富登村镇银行有限公司,村镇银行,201
S0047H353260001,文山丘北长江村镇银行股份有限公司,村镇银行,201
S0048H252010001,贵安新区发展村镇银行股份有限公司,村镇银行,201
S0048H314040001,长治市屯留区三禾村镇银行有限责任公司,村镇银行,201
S0048H315020001,包头市昆都仑蒙银村镇银行股份有限公司,村镇银行,202
S0048H332080001,江苏洪泽金阳光村镇银行股份有限公司,村镇银行,202
S0048H333060001,浙江柯桥联合村镇银行股份有限公司,村镇银行,202
S0048H334150001,金寨徽银村镇银行有限责任公司,村镇银行,202
S0048H335050001,福建永春漳农商村镇银行股份有限公司,村镇银行,202
S0048H336080001,峡江洪都村镇银行股份有限公司,村镇银行,202
S0048H337090001,泰安沪农商村镇银行股份有限公司,村镇银行,202
S0048H341120001,渑池齐鲁村镇银行有限责任公司,村镇银行,202
S0048H342050001,宜昌兴福村镇银行股份有限公司,村镇银行,202
S0048H344080001,湛江廉江长江村镇银行股份有限公司,村镇银行,202
S0048H351170001,达州达川中银富登村镇银行有限公司,村镇银行,202
S0048H353260001,文山马关长江村镇银行股份有限公司,村镇银行,202
S0049H215010001,呼和浩特市玉泉蒙银村镇银行股份有限公司,村镇银行,202
S0049H221010001,沈阳康平抚银村镇银行股份有限公司,村镇银行,202
S0049H314050001,阳城县三禾村镇银行有限责任公司,村镇银行,203
S0049H332030001,江苏邳州陇海村镇银行股份有限公司,村镇银行,203
S0049H333110001,浙江云和联合村镇银行股份有限公司,村镇银行,203
S0049H334120001,太和中银富登村镇银行有限公司,村镇银行,203
S0049H336080001,遂川洪都村镇银行股份有限公司,村镇银行,203
S0049H344070001,江门开平长江村镇银行股份有限公司,村镇银行,203
S0049H352030001,务川中银富登村镇银行有限公司,村镇银行,203
S0049H353260001,文山广南长江村镇银行股份有限公司,村镇银行,203
S0050H221010001,沈阳于洪永安村镇银行股份有限公司,村镇银行,203
S0050H253010001,云南西山渝农商村镇银行有限责任公司,村镇银行,203
S0050H314080001,永济市三禾村镇银行有限责任公司,村镇银行,203
S0050H332080001,江苏金湖民泰村镇银行股份有限公司,村镇银行,203
S0050H333030001,浙江洞头富民村镇银行股份有限公司,村镇银行,203
S0050H334120001,阜南中银富登村镇银行有限公司,村镇银行,203
S0050H335050001,福建德化成功村镇银行股份有限公司,村镇银行,204
S0050H336080001,永丰洪都村镇银行股份有限公司,村镇银行,204
S0050H337100001,山东文登中银富登村镇银行有限责任公司,村镇银行,204
S0050H342110001,黄梅中银富登村镇银行有限公司,村镇银行,204
S0050H344120001,广东四会泰隆村镇银行有限责任公司,村镇银行,204
S0050H352030001,正安中银富登村镇银行有限公司,村镇银行,204
S0051H314100001,临汾市尧都区惠都村镇银行有限责任公司,村镇银行,204
S0051H315060001,鄂尔多斯市铁西蒙银村镇银行股份有限公司,村镇银行,204
S0051H321140001,建昌恒昌村镇银行股份有限公司,村镇银行,204
S0051H332080001,江苏涟水太商村镇银行股份有限公司,村镇银行,204
S0051H333070001,浙江东阳富民村镇银行股份有限公司,村镇银行,204
S0051H334080001,安徽太湖江淮村镇银行股份有限公司,村镇银行,204
S0051H335050001,福建泉州台商投资区晋农商村镇银行股份有限公司,村镇银行,204
S0051H336040001,永修浔银村镇银行股份有限公司,村镇银行,204
S0051H341070001,卫辉富民村镇银行股份有限公司,村镇银行,205
S0051H342110001,武穴中银富登村镇银行有限公司,村镇银行,205
S0051H344180001,广东英德泰隆村镇银行有限责任公司,村镇银行,205
S0051H351060001,中江融兴村镇银行有限责任公司,村镇银行,205
S0051H352030001,凤冈中银富登村镇银行有限公司,村镇银行,205
S0051H353310001,德宏芒市长江村镇银行股份有限公司,村镇银行,205
S0052H314060001,应县金都村镇银行有限责任公司,村镇银行,205
S0052H321120001,铁岭农商村镇银行股份有限公司,村镇银行,205
S0052H332070001,江苏赣榆兴福村镇银行股份有限公司,村镇银行,205
S0052H333100001,浙江台州黄岩恒升村镇银行股份有限公司,村镇银行,205
S0052H334060001,安徽濉溪湖商村镇银行股份有限公司,村镇银行,205
S0052H337160001,山东博兴新华村镇银行股份有限公司,村镇银行,205
S0052H341090001,范县德商村镇银行股份有限公司,村镇银行,205
S0052H351130001,阆中融兴村镇银行有限责任公司,村镇银行,205
S0052H352030001,余庆中银富登村镇银行有限公司,村镇银行,206
S0052H353040001,易门兴福村镇银行股份有限公司,村镇银行,206
S0053H233010001,浙江富阳恒通村镇银行股份有限公司,村镇银行,206
S0053H251010001,成都青白江融兴村镇银行有限责任公司,村镇银行,206
S0053H313020001,遵化融和村镇银行股份有限公司,村镇银行,206
S0053H314070001,和顺县贵都村镇银行有限责任公司,村镇银行,206
S0053H321060001,丹东福汇村镇银行股份有限公司,村镇银行,206
S0053H332020001,江苏锡山中银富登村镇银行有限责任公司,村镇银行,206
S0053H334160001,安徽涡阳湖商村镇银行股份有限公司,村镇银行,206
S0053H335070001,福建政和泰隆村镇银行有限责任公司,村镇银行,206
S0053H336100001,资溪九银村镇银行股份有限公司,村镇银行,206
S0053H337080001,曲阜中银富登村镇银行有限公司,村镇银行,206
S0053H341140001,民权德商村镇银行股份有限公司,村镇银行,206
S0053H352030001,道真中银富登村镇银行有限公司,村镇银行,206
S0053H353040001,江川兴福村镇银行股份有限公司,村镇银行,207
S0054H235010001,福建福清泰隆村镇银行有限责任公司,村镇银行,207
S0054H253010001,昆明盘龙兴福村镇银行股份有限公司,村镇银行,207
S0054H313020001,唐山市丰南舜丰村镇银行股份有限公司,村镇银行,207
S0054H314020001,阳高县兴都村镇银行有限责任公司,村镇银行,207
S0054H332030001,江苏新沂汉源村镇银行股份有限公司,村镇银行,207
S0054H333090001,浙江定海德商村镇银行股份有限公司,村镇银行,207
S0054H334180001,安徽广德扬子村镇银行股份有限公司,村镇银行,207
S0054H336100001,崇仁九银村镇银行股份有限公司,村镇银行,207
S0054H337110001,五莲中银富登村镇银行有限公司,村镇银行,207
S0054H341110001,临颍中银富登村镇银行有限公司,村镇银行,207
S0054H352230001,兴仁振兴村镇银行股份有限公司,村镇银行,207
S0055H235010001,福建长乐泰隆村镇银行有限责任公司,村镇银行,207
S0055H313020001,乐亭舜丰村镇银行股份有限公司,村镇银行,207
S0055H314040001,长治市上党区泰都村镇银行有限责任公司,村镇银行,208
S0055H333060001,浙江上虞富民村镇银行股份有限公司,村镇银行,208
S0055H334170001,安徽石台扬子村镇银行股份有限公司,村镇银行,208
S0055H336050001,分宜九银村镇银行股份有限公司,村镇银行,208
S0055H337060001,山东招远中银富登村镇银行有限责任公司,村镇银行,208
S0055H341050001,滑县中银富登村镇银行有限公司,村镇银行,208
S0055H353230001,南华兴福村镇银行股份有限公司,村镇银行,208
S0056H215010001,呼和浩特市赛罕蒙银村镇银行股份有限公司,村镇银行,208
S0056H313090001,献县融和村镇银行股份有限公司,村镇银行,208
S0056H314090001,宁武县瑞都村镇银行有限责任公司,村镇银行,208
S0056H333100001,浙江台州路桥富民村镇银行股份有限公司,村镇银行,208
S0056H334180001,安徽宣州湖商村镇银行股份有限公司,村镇银行,208
S0056H335060001,福建龙海泰隆村镇银行股份有限公司,村镇银行,208
S0056H336110001,弋阳蓝海村镇银行股份有限公司,村镇银行,208
S0056H337060001,栖霞中银富登村镇银行有限公司,村镇银行,209
S0056H341160001,项城中银富登村镇银行有限公司,村镇银行,209
S0056H352030001,遵义新蒲长征村镇银行股份有限公司,村镇银行,209
S0056H353230001,武定兴福村镇银行股份有限公司,村镇银行,209
S0057H313100001,廊坊市广阳舜丰村镇银行股份有限公司,村镇银行,209
S0057H332040001,常州新北中成村镇银行股份有限公司,村镇银行,209
S0057H333040001,浙江海宁德商村镇银行股份有限公司,村镇银行,209
S0057H334170001,安徽东至扬子村镇银行股份有限公司,村镇银行,209
S0057H336110001,德兴蓝海村镇银行股份有限公司,村镇银行,209
S0057H337170001,东明中银富登村镇银行有限公司,村镇银行,209
S0057H341030001,宜阳兴福村镇银行股份有限公司,村镇银行,209
S0057H352230001,望谟富民村镇银行股份有限公司,村镇银行,209
S0057H353230001,元谋兴福村镇银行股份有限公司,村镇银行,209
S0058H313100001,霸州舜丰村镇银行股份有限公司,村镇银行,209
S0058H314030001,平定县昌都村镇银行有限责任公司,村镇银行,210
S0058H332030001,睢宁中银富登村镇银行有限公司,村镇银行,210
S0058H333030001,浙江瑞安湖商村镇银行股份有限公司,村镇银行,210
S0058H334160001,安徽谯城湖商村镇银行股份有限公司,村镇银行,210
S0058H336100001,宜黄抚商村镇银行股份有限公司,村镇银行,210
S0058H337170001,巨野中银富登村镇银行有限公司,村镇银行,210
S0058H341050001,汤阴兴福村镇银行股份有限公司,村镇银行,210
S0058H352230001,黔西南义龙浦发村镇银行股份有限公司,村镇银行,210
S0058H353030001,罗平兴福村镇银行股份有限公司,村镇银行,210
S0059H313100001,大城舜丰村镇银行股份有限公司,村镇银行,210
S0059H314060001,朔州怀仁市慧融村镇银行股份有限公司,村镇银行,210
S0059H332090001,建湖中成村镇银行股份有限公司,村镇银行,210
S0059H333040001,浙江海盐湖商村镇银行股份有限公司,村镇银行,210
S0059H334120001,临泉中银富登村镇银行有限公司,村镇银行,210
S0059H336090001,奉新九银村镇银行股份有限公司,村镇银行,211
S0059H337140001,庆云乐安村镇银行股份有限公司,村镇银行,211
S0059H341090001,台前德商村镇银行股份有限公司,村镇银行,211
S0059H352220001,松桃长征村镇银行有限责任公司,村镇银行,211
S0059H353030001,师宗兴福村镇银行股份有限公司,村镇银行,211
S0060H313110001,深州丰源村镇银行股份有限公司,村镇银行,211
S0060H314040001,武乡县泽都村镇银行有限责任公司,村镇银行,211
S0060H332100001,江苏邗江联合村镇银行股份有限公司,村镇银行,211
S0060H333100001,浙江仙居富民村镇银行股份有限公司,村镇银行,211
S0060H334140001,安徽巢湖扬子村镇银行股份有限公司,村镇银行,211
S0060H336100001,黎川抚商村镇银行股份有限公司,村镇银行,211
S0060H337080001,汶上中银富登村镇银行有限公司,村镇银行,211
S0060H341020001,杞县中银富登村镇银行有限公司,村镇银行,211
S0060H352220001,沿河长征村镇银行有限责任公司,村镇银行,211
S0060H353030001,曲靖沾益兴福村镇银行股份有限公司,村镇银行,212
S0061H213010001,深泽利丰村镇银行有限责任公司,村镇银行,212
S0061H314080001,河津市龙都村镇银行有限责任公司,村镇银行,212
S0061H332090001,响水中银富登村镇银行有限公司,村镇银行,212
S0061H334020001,南陵太平村镇银行股份有限公司,村镇银行,212
S0061H336040001,武宁恒通村镇银行股份有限公司,村镇银行,212
S0061H337050001,东营河口中成村镇银行股份有限公司,村镇银行,212
S0061H341140001,宁陵德商村镇银行股份有限公司,村镇银行,212
S0061H352220001,印江长征村镇银行有限责任公司,村镇银行,212
S0061H353030001,陆良兴福村镇银行股份有限公司,村镇银行,212
S0062H213010001,行唐利丰村镇银行有限责任公司,村镇银行,212
S0062H314080001,闻喜县晋融村镇银行有限责任公司,村镇银行,212
S0062H332050001,苏州吴江中银富登村镇银行有限公司,村镇银行,212
S0062H334100001,安徽黟县新淮河村镇银行股份有限公司,村镇银行,212
S0062H336090001,靖安九银村镇银行股份有限公司,村镇银行,213
S0062H337120001,莱芜中成村镇银行股份有限公司,村镇银行,213
S0062H341030001,洛宁兴福村镇银行股份有限公司,村镇银行,213
S0062H352220001,石阡长征村镇银行有限责任公司,村镇银行,213
S0062H353050001,保山昌宁长江村镇银行股份有限公司,村镇银行,213
S0063H313070001,涿鹿利丰村镇银行股份有限公司,村镇银行,213
S0063H314070001,平遥县晋融村镇银行有限责任公司,村镇银行,213
S0063H334030001,安徽固镇新淮河村镇银行股份有限公司,村镇银行,213
S0063H336100001,金溪抚商村镇银行股份有限公司,村镇银行,213
S0063H337080001,兖州中成村镇银行股份有限公司,村镇银行,213
S0063H341050001,内黄兴福村镇银行股份有限公司,村镇银行,213
S0063H352220001,德江长征村镇银行有限责任公司,村镇银行,213
S0063H353050001,保山龙陵长江村镇银行股份有限公司,村镇银行,213
S0064H236010001,南昌新建恒通村镇银行股份有限公司,村镇银行,213
S0064H313070001,怀来利丰村镇银行有限责任公司,村镇银行,214
S0064H314040001,沁源县长青村镇银行有限责任公司,村镇银行,214
S0064H332100001,扬州广陵中成村镇银行股份有限公司,村镇银行,214
S0064H334010001,安徽肥东湖商村镇银行股份有限公司,村镇银行,214
S0064H337160001,无棣中成村镇银行股份有限公司,村镇银行,214
S0064H341030001,汝阳兴福村镇银行股份有限公司,村镇银行,214
S0064H352220001,江口长征村镇银行有限责任公司,村镇银行,214
S0064H353050001,保山施甸长江村镇银行股份有限公司,村镇银行,214
S0065H314040001,壶关县晋融村镇银行有限责任公司,村镇银行,214
S0065H332050001,苏州吴中珠江村镇银行股份有限公司,村镇银行,214
S0065H334080001,安徽怀宁江淮村镇银行股份有限公司,村镇银行,214
S0065H336090001,铜鼓九银村镇银行股份有限公司,村镇银行,214
S0065H341110001,舞阳玉川村镇银行股份有限公司,村镇银行,214
S0065H342120001,湖北咸安长江村镇银行有限责任公司,村镇银行,214
S0065H352270001,长顺富民村镇银行股份有限公司,村镇银行,215
S0065H353260001,文山富宁长江村镇银行股份有限公司,村镇银行,215
S0066H313060001,保定满城区利丰村镇银行股份有限公司,村镇银行,215
S0066H314020001,左云县长青村镇银行有限责任公司,村镇银行,215
S0066H334100001,安徽徽州铜源村镇银行股份有限公司,村镇银行,215
S0066H336020001,景德镇昌江九银村镇银行股份有限公司,村镇银行,215
S0066H341140001,永城齐鲁村镇银行有限责任公司,村镇银行,215
S0066H342120001,湖北赤壁长江村镇银行有限责任公司,村镇银行,215
S0066H352270001,独山富民村镇银行股份有限公司,村镇银行,215
S0066H353290001,大理洱源长江村镇银行股份有限公司,村镇银行,215
S0067H313060001,涞水利丰村镇银行有限责任公司,村镇银行,215
S0067H314070001,祁县晋融村镇银行有限责任公司,村镇银行,215
S0067H334100001,安徽祁门铜源村镇银行股份有限公司,村镇银行,215
S0067H336030001,江西芦溪富民村镇银行股份有限公司,村镇银行,215
S0067H341170001,泌阳玉川村镇银行股份有限公司,村镇银行,216
S0067H352020001,六盘水六枝富民村镇银行股份有限公司,村镇银行,216
S0067H353290001,大理巍山长江村镇银行股份有限公司,村镇银行,216
S0068H314020001,灵丘县长青村镇银行有限责任公司,村镇银行,216
S0068H332100001,扬州高邮兴福村镇银行有限责任公司,村镇银行,216
S0068H334180001,旌德民商村镇银行股份有限公司,村镇银行,216
S0068H336030001,江西莲花富民村镇银行股份有限公司,村镇银行,216
S0068H337140001,宁津胶东村镇银行股份有限公司,村镇银行,216
S0068H341170001,正阳玉川村镇银行股份有限公司,村镇银行,216
S0068H352040001,普定富民村镇银行股份有限公司,村镇银行,216
S0068H353290001,大理宾川长江村镇银行股份有限公司,村镇银行,216
S0069H314100001,吉县新田村镇银行有限责任公司,村镇银行,216
S0069H337070001,潍坊市奎文区中成村镇银行股份有限公司,村镇银行,216
S0069H341170001,平舆玉川村镇银行股份有限公司,村镇银行,216
S0069H352040001,紫云富民村镇银行股份有限公司,村镇银行,217
S0069H353030001,云南马龙北银村镇银行股份有限公司,村镇银行,217
S0070H253010001,云南西山北银村镇银行股份有限公司,村镇银行,217
S0070H314100001,隰县新田村镇银行有限责任公司,村镇银行,217
S0070H336040001,湖口九银村镇银行股份有限公司,村镇银行,217
S0070H341170001,上蔡惠民村镇银行股份有限公司,村镇银行,217
S0070H352230001,晴隆兴安村镇银行股份有限公司,村镇银行,217
S0071H314020001,天镇县河东村镇银行有限责任公司,村镇银行,217
S0071H332120001,泰州高港兴福村镇银行有限责任公司,村镇银行,217
S0071H336040001,都昌九银村镇银行股份有限公司,村镇银行,217
S0071H341160001,扶沟郑银村镇银行股份有限公司,村镇银行,217
S0071H352230001,贞丰兴贞村镇银行股份有限公司,村镇银行,217
S0071H353040001,云南元江北银村镇银行股份有限公司,村镇银行,217
S0072H241010001,郑州金水厦农商村镇银行股份有限公司,村镇银行,217
S0072H314090001,神池县河东村镇银行有限责任公司,村镇银行,218
S0072H332020001,无锡滨湖兴福村镇银行有限责任公司,村镇银行,218
S0072H336070001,江西瑞金光大村镇银行股份有限公司,村镇银行,218
S0072H352230001,安龙兴龙村镇银行股份有限公司,村镇银行,218
S0072H353040001,云南新平北银村镇银行股份有限公司,村镇银行,218
S0073H242010001,武汉东西湖扬子村镇银行股份有限公司,村镇银行,218
S0073H313100001,固安恒升村镇银行股份有限公司,村镇银行,218
S0073H314080001,平陆县河东村镇银行有限责任公司,村镇银行,218
S0073H336100001,抚州东乡富民村镇银行股份有限公司,村镇银行,218
S0073H337050001,东营融和村镇银行股份有限公司,村镇银行,218
S0073H341160001,淮阳中银富登村镇银行有限公司,村镇银行,218
S0073H352230001,普安普惠村镇银行股份有限公司,村镇银行,218
S0073H353250001,云南石屏北银村镇银行股份有限公司,村镇银行,218
S0074H314080001,垣曲县河东村镇银行有限责任公司,村镇银行,218
S0074H336100001,南城富民村镇银行股份有限公司,村镇银行,219
S0074H337130001,山东郯城汉源村镇银行股份有限公司,村镇银行,219
S0074H341160001,沈丘中银富登村镇银行有限公司,村镇银行,219
S0074H352220001,铜仁万山长征村镇银行股份有限公司,村镇银行,219
S0075H314080001,夏县河东村镇银行有限责任公司,村镇银行,219
S0075H337130001,山东平邑汉源村镇银行股份有限公司,村镇银行,219
S0075H341140001,柘城黄淮村镇银行股份有限公司,村镇银行,219
S0075H352270001,罗甸发展村镇银行股份有限公司,村镇银行,219
S0076H314080001,稷山县河东村镇银行有限责任公司,村镇银行,219
S0076H315060001,达拉特中银富登村镇银行股份有限公司,村镇银行,219
S0076H336090001,江西上高富民村镇银行股份有限公司,村镇银行,219
S0076H337170001,山东成武汉源村镇银行股份有限公司,村镇银行,219
S0076H341160001,河南西华厦农商村镇银行股份有限公司,村镇银行,219
S0076H352270001,平塘富民村镇银行股份有限公司,村镇银行,219
S0077H314060001,右玉县长青村镇银行有限责任公司,村镇银行,220
S0077H337050001,山东利津舜丰村镇银行股份有限公司,村镇银行,220
S0077H341160001,河南商水厦农商村镇银行股份有限公司,村镇银行,220
S0077H352270001,瓮安富民村镇银行股份有限公司,村镇银行,220
S0078H337160001,山东惠民舜丰村镇银行股份有限公司,村镇银行,220
S0078H341020001,通许融信村镇银行股份有限公司,村镇银行,220
S0078H352260001,剑河富民村镇银行股份有限公司,村镇银行,220
S0079H337070001,昌乐乐安村镇银行股份有限公司,村镇银行,220
S0079H341060001,浚县郑银村镇银行股份有限公司,村镇银行,220
S0079H352260001,台江富民村镇银行股份有限公司,村镇银行,220
S0080H341170001,确山郑银村镇银行股份有限公司,村镇银行,220
S0080H352260001,丹寨富民村镇银行股份有限公司,村镇银行,220
S0081H241010001,郑州珠江村镇银行股份有限公司,村镇银行,220
S0081H337080001,鱼台青隆村镇银行股份有限公司,村镇银行,220
S0081H352220001,思南长征村镇银行有限责任公司,村镇银行,221
S0082H341170001,河南汝南泰隆村镇银行股份有限公司,村镇银行,221
S0082H352270001,三都富民村镇银行股份有限公司,村镇银行,221
S0083H337150001,莘县青隆村镇银行股份有限公司,村镇银行,221
S0083H341080001,温县齐鲁村镇银行有限责任公司,村镇银行,221
S0083H352270001,荔波富民村镇银行股份有限公司,村镇银行,221
S0084H337150001,高唐青隆村镇银行股份有限公司,村镇银行,221
S0084H341040001,河南叶县泰隆村镇银行股份有限公司,村镇银行,221
S0084H352220001,玉屏长征村镇银行有限责任公司,村镇银行,221
S0085H313080001,承德县恒升村镇银行股份有限公司,村镇银行,221
S0087H337090001,山东新泰齐丰村镇银行股份有限公司,村镇银行,221
S0088H337140001,平原圆融村镇银行股份有限公司,村镇银行,221
S0090H313060001,雄县丰源村镇银行股份有限公司,村镇银行,221
S0091H313110001,饶阳民商村镇银行股份有限公司,村镇银行,221
S0091H337080001,山东泗水齐丰村镇银行股份有限公司,村镇银行,222
S0092H313060001,定兴丰源村镇银行股份有限公司,村镇银行,222
S0092H337150001,东阿青隆村镇银行股份有限公司,村镇银行,222
S0094H313040001,邯郸肥乡恒升村镇银行股份有限公司,村镇银行,222
S0094H337030001,山东周村青隆村镇银行股份有限公司,村镇银行,222
S0095H313040001,大名恒升村镇银行股份有限公司,村镇银行,222
S0095H337060001,山东芝罘齐丰村镇银行股份有限公司,村镇银行,222
S0096H313040001,曲周恒升村镇银行股份有限公司,村镇银行,222
S0096H337130001,山东蒙阴齐丰村镇银行股份有限公司,村镇银行,222
S0097H213010001,石家庄栾城齐鲁村镇银行有限责任公司,村镇银行,222
S0098H213010001,辛集齐鲁村镇银行有限责任公司,村镇银行,222
S0099H337030001,桓台青隆村镇银行股份有限公司,村镇银行,222
S0100H313040001,邯郸邯山齐鲁村镇银行有限责任公司,村镇银行,222
S0100H337060001,山东莱山齐丰村镇银行股份有限公司,村镇银行,222
S0102H337150001,山东冠县齐丰村镇银行股份有限公司,村镇银行,223
S0104H337030001,山东高青汇金村镇银行股份有限公司,村镇银行,223
S0105H337080001,微山北海村镇银行股份有限公司,村镇银行,223
S0106H313110001,衡水冀州丰源村镇银行股份有限公司,村镇银行,223
S0107H313110001,景县丰源村镇银行股份有限公司,村镇银行,223
S0107H337070001,昌邑北海村镇银行股份有限公司,村镇银行,223
S0108H313110001,枣强丰源村镇银行股份有限公司,村镇银行,223
S0108H337070001,安丘北海村镇银行股份有限公司,村镇银行,223
S0109H337030001,淄博博山北海村镇银行股份有限公司,村镇银行,223
S0110H337030001,淄博淄川北海村镇银行股份有限公司,村镇银行,223
S0112H337160001,滨州河海村镇银行股份有限公司,村镇银行,223
S0117H337160001,阳信河海村镇银行股份有限公司,村镇银行,223
S0119H337160001,山东沾化青云村镇银行股份有限公司,村镇银行,223
S0125H213060001,中银富登村镇银行股份有限公司,村镇银行,223
S0126H336090001,江西万载富民村镇银行股份有限公司,村镇银行,224
S0127H343040001,祁东惠丰村镇银行股份有限公司,村镇银行,224
S0128H335070001,福建松溪长信村镇银行股份有限公司,村镇银行,224
S0129H335060001,福建华安长信村镇银行股份有限公司,村镇银行,224
S0131H235010001,福建永泰长信村镇银行股份有限公司,村镇银行,224
S0141H343060001,临湘中银富登村镇银行有限公司,村镇银行,224
S0143H343070001,安乡中银富登村镇银行有限公司,村镇银行,224
S0144H341160001,鹿邑中银富登村镇银行有限公司,村镇银行,224
S0145H341160001,太康中银富登村镇银行有限公司,村镇银行,224
S0146H341160001,郸城中银富登村镇银行有限公司,村镇银行,224
S0147H341090001,清丰中银富登村镇银行有限公司,村镇银行,224
S0148H334120001,阜阳颍东中银富登村镇银行有限公司,村镇银行,224
S0149H334120001,阜阳颍泉中银富登村镇银行有限公司,村镇银行,224
S0150H213010001,石家庄恒升村镇银行有限责任公司,村镇银行,224
S0008H211000001,北京通州中银富登村镇银行有限责任公司,村镇银行,225
S0031H253010001,昆明呈贡中成村镇银行股份有限公司,村镇银行,225
S0063H332080001,淮安兴福村镇银行股份有限公司,村镇银行,225
S0001H332130001,江苏宿迁东吴村镇银行股份有限公司,村镇银行,225
S0075H336090001,宜春富民村镇银行股份有限公司,村镇银行,225
S0032H252010001,贵阳富民村镇银行股份有限公司,村镇银行,225
S0055H352230001,黔西南富民村镇银行有限责任公司,村镇银行,225
